ID;ID_UOR;DT;HH_INC;HH_FIM
0;0;2021-08-02;10:00:00;10:59:59
1;0;2021-08-02;11:00:00;11:59:59
2;0;2021-08-02;12:00:00;12:59:59
3;0;2021-08-02;13:00:00;13:59:59
4;0;2021-08-02;14:00:00;14:59:59
5;0;2021-08-03;10:00:00;10:59:59
6;0;2021-08-03;11:00:00;11:59:59
7;0;2021-08-03;12:00:00;12:59:59
8;0;2021-08-03;13:00:00;13:59:59
9;0;2021-08-03;14:00:00;14:59:59
10;0;2021-08-04;10:00:00;10:59:59
11;0;2021-08-04;11:00:00;11:59:59
12;0;2021-08-04;12:00:00;12:59:59
13;0;2021-08-04;13:00:00;13:59:59
14;0;2021-08-04;14:00:00;14:59:59
15;0;2021-08-05;10:00:00;10:59:59
16;0;2021-08-05;11:00:00;11:59:59
17;0;2021-08-05;12:00:00;12:59:59
18;0;2021-08-05;13:00:00;13:59:59
19;0;2021-08-05;14:00:00;14:59:59
20;0;2021-08-06;10:00:00;10:59:59
21;0;2021-08-06;11:00:00;11:59:59
22;0;2021-08-06;12:00:00;12:59:59
23;0;2021-08-06;13:00:00;13:59:59
24;0;2021-08-06;14:00:00;14:59:59
25;0;2021-08-09;10:00:00;10:59:59
26;0;2021-08-09;11:00:00;11:59:59
27;0;2021-08-09;12:00:00;12:59:59
28;0;2021-08-09;13:00:00;13:59:59
29;0;2021-08-09;14:00:00;14:59:59
30;0;2021-08-10;10:00:00;10:59:59
31;0;2021-08-10;11:00:00;11:59:59
32;0;2021-08-10;12:00:00;12:59:59
33;0;2021-08-10;13:00:00;13:59:59
34;0;2021-08-10;14:00:00;14:59:59
35;0;2021-08-11;10:00:00;10:59:59
36;0;2021-08-11;11:00:00;11:59:59
37;0;2021-08-11;12:00:00;12:59:59
38;0;2021-08-11;13:00:00;13:59:59
39;0;2021-08-11;14:00:00;14:59:59
40;0;2021-08-12;10:00:00;10:59:59
41;0;2021-08-12;11:00:00;11:59:59
42;0;2021-08-12;12:00:00;12:59:59
43;0;2021-08-12;13:00:00;13:59:59
44;0;2021-08-12;14:00:00;14:59:59
45;0;2021-08-13;10:00:00;10:59:59
46;0;2021-08-13;11:00:00;11:59:59
47;0;2021-08-13;12:00:00;12:59:59
48;0;2021-08-13;13:00:00;13:59:59
49;0;2021-08-13;14:00:00;14:59:59
50;0;2021-08-16;10:00:00;10:59:59
51;0;2021-08-16;11:00:00;11:59:59
52;0;2021-08-16;12:00:00;12:59:59
53;0;2021-08-16;13:00:00;13:59:59
54;0;2021-08-16;14:00:00;14:59:59
55;0;2021-08-17;10:00:00;10:59:59
56;0;2021-08-17;11:00:00;11:59:59
57;0;2021-08-17;12:00:00;12:59:59
58;0;2021-08-17;13:00:00;13:59:59
59;0;2021-08-17;14:00:00;14:59:59
60;0;2021-08-18;10:00:00;10:59:59
61;0;2021-08-18;11:00:00;11:59:59
62;0;2021-08-18;12:00:00;12:59:59
63;0;2021-08-18;13:00:00;13:59:59
64;0;2021-08-18;14:00:00;14:59:59
65;0;2021-08-19;10:00:00;10:59:59
66;0;2021-08-19;11:00:00;11:59:59
67;0;2021-08-19;12:00:00;12:59:59
68;0;2021-08-19;13:00:00;13:59:59
69;0;2021-08-19;14:00:00;14:59:59
70;0;2021-08-20;10:00:00;10:59:59
71;0;2021-08-20;11:00:00;11:59:59
72;0;2021-08-20;12:00:00;12:59:59
73;0;2021-08-20;13:00:00;13:59:59
74;0;2021-08-20;14:00:00;14:59:59
75;0;2021-08-23;10:00:00;10:59:59
76;0;2021-08-23;11:00:00;11:59:59
77;0;2021-08-23;12:00:00;12:59:59
78;0;2021-08-23;13:00:00;13:59:59
79;0;2021-08-23;14:00:00;14:59:59
80;0;2021-08-24;10:00:00;10:59:59
81;0;2021-08-24;11:00:00;11:59:59
82;0;2021-08-24;12:00:00;12:59:59
83;0;2021-08-24;13:00:00;13:59:59
84;0;2021-08-24;14:00:00;14:59:59
85;0;2021-08-25;10:00:00;10:59:59
86;0;2021-08-25;11:00:00;11:59:59
87;0;2021-08-25;12:00:00;12:59:59
88;0;2021-08-25;13:00:00;13:59:59
89;0;2021-08-25;14:00:00;14:59:59
90;0;2021-08-26;10:00:00;10:59:59
91;0;2021-08-26;11:00:00;11:59:59
92;0;2021-08-26;12:00:00;12:59:59
93;0;2021-08-26;13:00:00;13:59:59
94;0;2021-08-26;14:00:00;14:59:59
95;0;2021-08-27;10:00:00;10:59:59
96;0;2021-08-27;11:00:00;11:59:59
97;0;2021-08-27;12:00:00;12:59:59
98;0;2021-08-27;13:00:00;13:59:59
99;0;2021-08-27;14:00:00;14:59:59
100;0;2021-08-30;10:00:00;10:59:59
101;0;2021-08-30;11:00:00;11:59:59
102;0;2021-08-30;12:00:00;12:59:59
103;0;2021-08-30;13:00:00;13:59:59
104;0;2021-08-30;14:00:00;14:59:59
105;0;2021-08-31;10:00:00;10:59:59
106;0;2021-08-31;11:00:00;11:59:59
107;0;2021-08-31;12:00:00;12:59:59
108;0;2021-08-31;13:00:00;13:59:59
109;0;2021-08-31;14:00:00;14:59:59
110;1;2021-08-02;10:00:00;10:59:59
111;1;2021-08-02;11:00:00;11:59:59
112;1;2021-08-02;12:00:00;12:59:59
113;1;2021-08-02;13:00:00;13:59:59
114;1;2021-08-02;14:00:00;14:59:59
115;1;2021-08-03;10:00:00;10:59:59
116;1;2021-08-03;11:00:00;11:59:59
117;1;2021-08-03;12:00:00;12:59:59
118;1;2021-08-03;13:00:00;13:59:59
119;1;2021-08-03;14:00:00;14:59:59
120;1;2021-08-04;10:00:00;10:59:59
121;1;2021-08-04;11:00:00;11:59:59
122;1;2021-08-04;12:00:00;12:59:59
123;1;2021-08-04;13:00:00;13:59:59
124;1;2021-08-04;14:00:00;14:59:59
125;1;2021-08-05;10:00:00;10:59:59
126;1;2021-08-05;11:00:00;11:59:59
127;1;2021-08-05;12:00:00;12:59:59
128;1;2021-08-05;13:00:00;13:59:59
129;1;2021-08-05;14:00:00;14:59:59
130;1;2021-08-06;10:00:00;10:59:59
131;1;2021-08-06;11:00:00;11:59:59
132;1;2021-08-06;12:00:00;12:59:59
133;1;2021-08-06;13:00:00;13:59:59
134;1;2021-08-06;14:00:00;14:59:59
135;1;2021-08-09;10:00:00;10:59:59
136;1;2021-08-09;11:00:00;11:59:59
137;1;2021-08-09;12:00:00;12:59:59
138;1;2021-08-09;13:00:00;13:59:59
139;1;2021-08-09;14:00:00;14:59:59
140;1;2021-08-10;10:00:00;10:59:59
141;1;2021-08-10;11:00:00;11:59:59
142;1;2021-08-10;12:00:00;12:59:59
143;1;2021-08-10;13:00:00;13:59:59
144;1;2021-08-10;14:00:00;14:59:59
145;1;2021-08-11;10:00:00;10:59:59
146;1;2021-08-11;11:00:00;11:59:59
147;1;2021-08-11;12:00:00;12:59:59
148;1;2021-08-11;13:00:00;13:59:59
149;1;2021-08-11;14:00:00;14:59:59
150;1;2021-08-12;10:00:00;10:59:59
151;1;2021-08-12;11:00:00;11:59:59
152;1;2021-08-12;12:00:00;12:59:59
153;1;2021-08-12;13:00:00;13:59:59
154;1;2021-08-12;14:00:00;14:59:59
155;1;2021-08-13;10:00:00;10:59:59
156;1;2021-08-13;11:00:00;11:59:59
157;1;2021-08-13;12:00:00;12:59:59
158;1;2021-08-13;13:00:00;13:59:59
159;1;2021-08-13;14:00:00;14:59:59
160;1;2021-08-16;10:00:00;10:59:59
161;1;2021-08-16;11:00:00;11:59:59
162;1;2021-08-16;12:00:00;12:59:59
163;1;2021-08-16;13:00:00;13:59:59
164;1;2021-08-16;14:00:00;14:59:59
165;1;2021-08-17;10:00:00;10:59:59
166;1;2021-08-17;11:00:00;11:59:59
167;1;2021-08-17;12:00:00;12:59:59
168;1;2021-08-17;13:00:00;13:59:59
169;1;2021-08-17;14:00:00;14:59:59
170;1;2021-08-18;10:00:00;10:59:59
171;1;2021-08-18;11:00:00;11:59:59
172;1;2021-08-18;12:00:00;12:59:59
173;1;2021-08-18;13:00:00;13:59:59
174;1;2021-08-18;14:00:00;14:59:59
175;1;2021-08-19;10:00:00;10:59:59
176;1;2021-08-19;11:00:00;11:59:59
177;1;2021-08-19;12:00:00;12:59:59
178;1;2021-08-19;13:00:00;13:59:59
179;1;2021-08-19;14:00:00;14:59:59
180;1;2021-08-20;10:00:00;10:59:59
181;1;2021-08-20;11:00:00;11:59:59
182;1;2021-08-20;12:00:00;12:59:59
183;1;2021-08-20;13:00:00;13:59:59
184;1;2021-08-20;14:00:00;14:59:59
185;1;2021-08-23;10:00:00;10:59:59
186;1;2021-08-23;11:00:00;11:59:59
187;1;2021-08-23;12:00:00;12:59:59
188;1;2021-08-23;13:00:00;13:59:59
189;1;2021-08-23;14:00:00;14:59:59
190;1;2021-08-24;10:00:00;10:59:59
191;1;2021-08-24;11:00:00;11:59:59
192;1;2021-08-24;12:00:00;12:59:59
193;1;2021-08-24;13:00:00;13:59:59
194;1;2021-08-24;14:00:00;14:59:59
195;1;2021-08-25;10:00:00;10:59:59
196;1;2021-08-25;11:00:00;11:59:59
197;1;2021-08-25;12:00:00;12:59:59
198;1;2021-08-25;13:00:00;13:59:59
199;1;2021-08-25;14:00:00;14:59:59
200;1;2021-08-26;10:00:00;10:59:59
201;1;2021-08-26;11:00:00;11:59:59
202;1;2021-08-26;12:00:00;12:59:59
203;1;2021-08-26;13:00:00;13:59:59
204;1;2021-08-26;14:00:00;14:59:59
205;1;2021-08-27;10:00:00;10:59:59
206;1;2021-08-27;11:00:00;11:59:59
207;1;2021-08-27;12:00:00;12:59:59
208;1;2021-08-27;13:00:00;13:59:59
209;1;2021-08-27;14:00:00;14:59:59
210;1;2021-08-30;10:00:00;10:59:59
211;1;2021-08-30;11:00:00;11:59:59
212;1;2021-08-30;12:00:00;12:59:59
213;1;2021-08-30;13:00:00;13:59:59
214;1;2021-08-30;14:00:00;14:59:59
215;1;2021-08-31;10:00:00;10:59:59
216;1;2021-08-31;11:00:00;11:59:59
217;1;2021-08-31;12:00:00;12:59:59
218;1;2021-08-31;13:00:00;13:59:59
219;1;2021-08-31;14:00:00;14:59:59
220;2;2021-08-02;10:00:00;10:59:59
221;2;2021-08-02;11:00:00;11:59:59
222;2;2021-08-02;12:00:00;12:59:59
223;2;2021-08-02;13:00:00;13:59:59
224;2;2021-08-02;14:00:00;14:59:59
225;2;2021-08-03;10:00:00;10:59:59
226;2;2021-08-03;11:00:00;11:59:59
227;2;2021-08-03;12:00:00;12:59:59
228;2;2021-08-03;13:00:00;13:59:59
229;2;2021-08-03;14:00:00;14:59:59
230;2;2021-08-04;10:00:00;10:59:59
231;2;2021-08-04;11:00:00;11:59:59
232;2;2021-08-04;12:00:00;12:59:59
233;2;2021-08-04;13:00:00;13:59:59
234;2;2021-08-04;14:00:00;14:59:59
235;2;2021-08-05;10:00:00;10:59:59
236;2;2021-08-05;11:00:00;11:59:59
237;2;2021-08-05;12:00:00;12:59:59
238;2;2021-08-05;13:00:00;13:59:59
239;2;2021-08-05;14:00:00;14:59:59
240;2;2021-08-06;10:00:00;10:59:59
241;2;2021-08-06;11:00:00;11:59:59
242;2;2021-08-06;12:00:00;12:59:59
243;2;2021-08-06;13:00:00;13:59:59
244;2;2021-08-06;14:00:00;14:59:59
245;2;2021-08-09;10:00:00;10:59:59
246;2;2021-08-09;11:00:00;11:59:59
247;2;2021-08-09;12:00:00;12:59:59
248;2;2021-08-09;13:00:00;13:59:59
249;2;2021-08-09;14:00:00;14:59:59
250;2;2021-08-10;10:00:00;10:59:59
251;2;2021-08-10;11:00:00;11:59:59
252;2;2021-08-10;12:00:00;12:59:59
253;2;2021-08-10;13:00:00;13:59:59
254;2;2021-08-10;14:00:00;14:59:59
255;2;2021-08-11;10:00:00;10:59:59
256;2;2021-08-11;11:00:00;11:59:59
257;2;2021-08-11;12:00:00;12:59:59
258;2;2021-08-11;13:00:00;13:59:59
259;2;2021-08-11;14:00:00;14:59:59
260;2;2021-08-12;10:00:00;10:59:59
261;2;2021-08-12;11:00:00;11:59:59
262;2;2021-08-12;12:00:00;12:59:59
263;2;2021-08-12;13:00:00;13:59:59
264;2;2021-08-12;14:00:00;14:59:59
265;2;2021-08-13;10:00:00;10:59:59
266;2;2021-08-13;11:00:00;11:59:59
267;2;2021-08-13;12:00:00;12:59:59
268;2;2021-08-13;13:00:00;13:59:59
269;2;2021-08-13;14:00:00;14:59:59
270;2;2021-08-16;10:00:00;10:59:59
271;2;2021-08-16;11:00:00;11:59:59
272;2;2021-08-16;12:00:00;12:59:59
273;2;2021-08-16;13:00:00;13:59:59
274;2;2021-08-16;14:00:00;14:59:59
275;2;2021-08-17;10:00:00;10:59:59
276;2;2021-08-17;11:00:00;11:59:59
277;2;2021-08-17;12:00:00;12:59:59
278;2;2021-08-17;13:00:00;13:59:59
279;2;2021-08-17;14:00:00;14:59:59
280;2;2021-08-18;10:00:00;10:59:59
281;2;2021-08-18;11:00:00;11:59:59
282;2;2021-08-18;12:00:00;12:59:59
283;2;2021-08-18;13:00:00;13:59:59
284;2;2021-08-18;14:00:00;14:59:59
285;2;2021-08-19;10:00:00;10:59:59
286;2;2021-08-19;11:00:00;11:59:59
287;2;2021-08-19;12:00:00;12:59:59
288;2;2021-08-19;13:00:00;13:59:59
289;2;2021-08-19;14:00:00;14:59:59
290;2;2021-08-20;10:00:00;10:59:59
291;2;2021-08-20;11:00:00;11:59:59
292;2;2021-08-20;12:00:00;12:59:59
293;2;2021-08-20;13:00:00;13:59:59
294;2;2021-08-20;14:00:00;14:59:59
295;2;2021-08-23;10:00:00;10:59:59
296;2;2021-08-23;11:00:00;11:59:59
297;2;2021-08-23;12:00:00;12:59:59
298;2;2021-08-23;13:00:00;13:59:59
299;2;2021-08-23;14:00:00;14:59:59
300;2;2021-08-24;10:00:00;10:59:59
301;2;2021-08-24;11:00:00;11:59:59
302;2;2021-08-24;12:00:00;12:59:59
303;2;2021-08-24;13:00:00;13:59:59
304;2;2021-08-24;14:00:00;14:59:59
305;2;2021-08-25;10:00:00;10:59:59
306;2;2021-08-25;11:00:00;11:59:59
307;2;2021-08-25;12:00:00;12:59:59
308;2;2021-08-25;13:00:00;13:59:59
309;2;2021-08-25;14:00:00;14:59:59
310;2;2021-08-26;10:00:00;10:59:59
311;2;2021-08-26;11:00:00;11:59:59
312;2;2021-08-26;12:00:00;12:59:59
313;2;2021-08-26;13:00:00;13:59:59
314;2;2021-08-26;14:00:00;14:59:59
315;2;2021-08-27;10:00:00;10:59:59
316;2;2021-08-27;11:00:00;11:59:59
317;2;2021-08-27;12:00:00;12:59:59
318;2;2021-08-27;13:00:00;13:59:59
319;2;2021-08-27;14:00:00;14:59:59
320;2;2021-08-30;10:00:00;10:59:59
321;2;2021-08-30;11:00:00;11:59:59
322;2;2021-08-30;12:00:00;12:59:59
323;2;2021-08-30;13:00:00;13:59:59
324;2;2021-08-30;14:00:00;14:59:59
325;2;2021-08-31;10:00:00;10:59:59
326;2;2021-08-31;11:00:00;11:59:59
327;2;2021-08-31;12:00:00;12:59:59
328;2;2021-08-31;13:00:00;13:59:59
329;2;2021-08-31;14:00:00;14:59:59
330;4;2021-08-02;10:00:00;10:59:59
331;4;2021-08-02;11:00:00;11:59:59
332;4;2021-08-02;12:00:00;12:59:59
333;4;2021-08-02;13:00:00;13:59:59
334;4;2021-08-02;14:00:00;14:59:59
335;4;2021-08-03;10:00:00;10:59:59
336;4;2021-08-03;11:00:00;11:59:59
337;4;2021-08-03;12:00:00;12:59:59
338;4;2021-08-03;13:00:00;13:59:59
339;4;2021-08-03;14:00:00;14:59:59
340;4;2021-08-04;10:00:00;10:59:59
341;4;2021-08-04;11:00:00;11:59:59
342;4;2021-08-04;12:00:00;12:59:59
343;4;2021-08-04;13:00:00;13:59:59
344;4;2021-08-04;14:00:00;14:59:59
345;4;2021-08-05;10:00:00;10:59:59
346;4;2021-08-05;11:00:00;11:59:59
347;4;2021-08-05;12:00:00;12:59:59
348;4;2021-08-05;13:00:00;13:59:59
349;4;2021-08-05;14:00:00;14:59:59
350;4;2021-08-06;10:00:00;10:59:59
351;4;2021-08-06;11:00:00;11:59:59
352;4;2021-08-06;12:00:00;12:59:59
353;4;2021-08-06;13:00:00;13:59:59
354;4;2021-08-06;14:00:00;14:59:59
355;4;2021-08-09;10:00:00;10:59:59
356;4;2021-08-09;11:00:00;11:59:59
357;4;2021-08-09;12:00:00;12:59:59
358;4;2021-08-09;13:00:00;13:59:59
359;4;2021-08-09;14:00:00;14:59:59
360;4;2021-08-10;10:00:00;10:59:59
361;4;2021-08-10;11:00:00;11:59:59
362;4;2021-08-10;12:00:00;12:59:59
363;4;2021-08-10;13:00:00;13:59:59
364;4;2021-08-10;14:00:00;14:59:59
365;4;2021-08-11;10:00:00;10:59:59
366;4;2021-08-11;11:00:00;11:59:59
367;4;2021-08-11;12:00:00;12:59:59
368;4;2021-08-11;13:00:00;13:59:59
369;4;2021-08-11;14:00:00;14:59:59
370;4;2021-08-12;10:00:00;10:59:59
371;4;2021-08-12;11:00:00;11:59:59
372;4;2021-08-12;12:00:00;12:59:59
373;4;2021-08-12;13:00:00;13:59:59
374;4;2021-08-12;14:00:00;14:59:59
375;4;2021-08-13;10:00:00;10:59:59
376;4;2021-08-13;11:00:00;11:59:59
377;4;2021-08-13;12:00:00;12:59:59
378;4;2021-08-13;13:00:00;13:59:59
379;4;2021-08-13;14:00:00;14:59:59
380;4;2021-08-16;10:00:00;10:59:59
381;4;2021-08-16;11:00:00;11:59:59
382;4;2021-08-16;12:00:00;12:59:59
383;4;2021-08-16;13:00:00;13:59:59
384;4;2021-08-16;14:00:00;14:59:59
385;4;2021-08-17;10:00:00;10:59:59
386;4;2021-08-17;11:00:00;11:59:59
387;4;2021-08-17;12:00:00;12:59:59
388;4;2021-08-17;13:00:00;13:59:59
389;4;2021-08-17;14:00:00;14:59:59
390;4;2021-08-18;10:00:00;10:59:59
391;4;2021-08-18;11:00:00;11:59:59
392;4;2021-08-18;12:00:00;12:59:59
393;4;2021-08-18;13:00:00;13:59:59
394;4;2021-08-18;14:00:00;14:59:59
395;4;2021-08-19;10:00:00;10:59:59
396;4;2021-08-19;11:00:00;11:59:59
397;4;2021-08-19;12:00:00;12:59:59
398;4;2021-08-19;13:00:00;13:59:59
399;4;2021-08-19;14:00:00;14:59:59
400;4;2021-08-20;10:00:00;10:59:59
401;4;2021-08-20;11:00:00;11:59:59
402;4;2021-08-20;12:00:00;12:59:59
403;4;2021-08-20;13:00:00;13:59:59
404;4;2021-08-20;14:00:00;14:59:59
405;4;2021-08-23;10:00:00;10:59:59
406;4;2021-08-23;11:00:00;11:59:59
407;4;2021-08-23;12:00:00;12:59:59
408;4;2021-08-23;13:00:00;13:59:59
409;4;2021-08-23;14:00:00;14:59:59
410;4;2021-08-24;10:00:00;10:59:59
411;4;2021-08-24;11:00:00;11:59:59
412;4;2021-08-24;12:00:00;12:59:59
413;4;2021-08-24;13:00:00;13:59:59
414;4;2021-08-24;14:00:00;14:59:59
415;4;2021-08-25;10:00:00;10:59:59
416;4;2021-08-25;11:00:00;11:59:59
417;4;2021-08-25;12:00:00;12:59:59
418;4;2021-08-25;13:00:00;13:59:59
419;4;2021-08-25;14:00:00;14:59:59
420;4;2021-08-26;10:00:00;10:59:59
421;4;2021-08-26;11:00:00;11:59:59
422;4;2021-08-26;12:00:00;12:59:59
423;4;2021-08-26;13:00:00;13:59:59
424;4;2021-08-26;14:00:00;14:59:59
425;4;2021-08-27;10:00:00;10:59:59
426;4;2021-08-27;11:00:00;11:59:59
427;4;2021-08-27;12:00:00;12:59:59
428;4;2021-08-27;13:00:00;13:59:59
429;4;2021-08-27;14:00:00;14:59:59
430;4;2021-08-30;10:00:00;10:59:59
431;4;2021-08-30;11:00:00;11:59:59
432;4;2021-08-30;12:00:00;12:59:59
433;4;2021-08-30;13:00:00;13:59:59
434;4;2021-08-30;14:00:00;14:59:59
435;4;2021-08-31;10:00:00;10:59:59
436;4;2021-08-31;11:00:00;11:59:59
437;4;2021-08-31;12:00:00;12:59:59
438;4;2021-08-31;13:00:00;13:59:59
439;4;2021-08-31;14:00:00;14:59:59
440;5;2021-08-02;10:00:00;10:59:59
441;5;2021-08-02;11:00:00;11:59:59
442;5;2021-08-02;12:00:00;12:59:59
443;5;2021-08-02;13:00:00;13:59:59
444;5;2021-08-02;14:00:00;14:59:59
445;5;2021-08-03;10:00:00;10:59:59
446;5;2021-08-03;11:00:00;11:59:59
447;5;2021-08-03;12:00:00;12:59:59
448;5;2021-08-03;13:00:00;13:59:59
449;5;2021-08-03;14:00:00;14:59:59
450;5;2021-08-04;10:00:00;10:59:59
451;5;2021-08-04;11:00:00;11:59:59
452;5;2021-08-04;12:00:00;12:59:59
453;5;2021-08-04;13:00:00;13:59:59
454;5;2021-08-04;14:00:00;14:59:59
455;5;2021-08-05;10:00:00;10:59:59
456;5;2021-08-05;11:00:00;11:59:59
457;5;2021-08-05;12:00:00;12:59:59
458;5;2021-08-05;13:00:00;13:59:59
459;5;2021-08-05;14:00:00;14:59:59
460;5;2021-08-06;10:00:00;10:59:59
461;5;2021-08-06;11:00:00;11:59:59
462;5;2021-08-06;12:00:00;12:59:59
463;5;2021-08-06;13:00:00;13:59:59
464;5;2021-08-06;14:00:00;14:59:59
465;5;2021-08-09;10:00:00;10:59:59
466;5;2021-08-09;11:00:00;11:59:59
467;5;2021-08-09;12:00:00;12:59:59
468;5;2021-08-09;13:00:00;13:59:59
469;5;2021-08-09;14:00:00;14:59:59
470;5;2021-08-10;10:00:00;10:59:59
471;5;2021-08-10;11:00:00;11:59:59
472;5;2021-08-10;12:00:00;12:59:59
473;5;2021-08-10;13:00:00;13:59:59
474;5;2021-08-10;14:00:00;14:59:59
475;5;2021-08-11;10:00:00;10:59:59
476;5;2021-08-11;11:00:00;11:59:59
477;5;2021-08-11;12:00:00;12:59:59
478;5;2021-08-11;13:00:00;13:59:59
479;5;2021-08-11;14:00:00;14:59:59
480;5;2021-08-12;10:00:00;10:59:59
481;5;2021-08-12;11:00:00;11:59:59
482;5;2021-08-12;12:00:00;12:59:59
483;5;2021-08-12;13:00:00;13:59:59
484;5;2021-08-12;14:00:00;14:59:59
485;5;2021-08-13;10:00:00;10:59:59
486;5;2021-08-13;11:00:00;11:59:59
487;5;2021-08-13;12:00:00;12:59:59
488;5;2021-08-13;13:00:00;13:59:59
489;5;2021-08-13;14:00:00;14:59:59
490;5;2021-08-16;10:00:00;10:59:59
491;5;2021-08-16;11:00:00;11:59:59
492;5;2021-08-16;12:00:00;12:59:59
493;5;2021-08-16;13:00:00;13:59:59
494;5;2021-08-16;14:00:00;14:59:59
495;5;2021-08-17;10:00:00;10:59:59
496;5;2021-08-17;11:00:00;11:59:59
497;5;2021-08-17;12:00:00;12:59:59
498;5;2021-08-17;13:00:00;13:59:59
499;5;2021-08-17;14:00:00;14:59:59
500;5;2021-08-18;10:00:00;10:59:59
501;5;2021-08-18;11:00:00;11:59:59
502;5;2021-08-18;12:00:00;12:59:59
503;5;2021-08-18;13:00:00;13:59:59
504;5;2021-08-18;14:00:00;14:59:59
505;5;2021-08-19;10:00:00;10:59:59
506;5;2021-08-19;11:00:00;11:59:59
507;5;2021-08-19;12:00:00;12:59:59
508;5;2021-08-19;13:00:00;13:59:59
509;5;2021-08-19;14:00:00;14:59:59
510;5;2021-08-20;10:00:00;10:59:59
511;5;2021-08-20;11:00:00;11:59:59
512;5;2021-08-20;12:00:00;12:59:59
513;5;2021-08-20;13:00:00;13:59:59
514;5;2021-08-20;14:00:00;14:59:59
515;5;2021-08-23;10:00:00;10:59:59
516;5;2021-08-23;11:00:00;11:59:59
517;5;2021-08-23;12:00:00;12:59:59
518;5;2021-08-23;13:00:00;13:59:59
519;5;2021-08-23;14:00:00;14:59:59
520;5;2021-08-24;10:00:00;10:59:59
521;5;2021-08-24;11:00:00;11:59:59
522;5;2021-08-24;12:00:00;12:59:59
523;5;2021-08-24;13:00:00;13:59:59
524;5;2021-08-24;14:00:00;14:59:59
525;5;2021-08-25;10:00:00;10:59:59
526;5;2021-08-25;11:00:00;11:59:59
527;5;2021-08-25;12:00:00;12:59:59
528;5;2021-08-25;13:00:00;13:59:59
529;5;2021-08-25;14:00:00;14:59:59
530;5;2021-08-26;10:00:00;10:59:59
531;5;2021-08-26;11:00:00;11:59:59
532;5;2021-08-26;12:00:00;12:59:59
533;5;2021-08-26;13:00:00;13:59:59
534;5;2021-08-26;14:00:00;14:59:59
535;5;2021-08-27;10:00:00;10:59:59
536;5;2021-08-27;11:00:00;11:59:59
537;5;2021-08-27;12:00:00;12:59:59
538;5;2021-08-27;13:00:00;13:59:59
539;5;2021-08-27;14:00:00;14:59:59
540;5;2021-08-30;10:00:00;10:59:59
541;5;2021-08-30;11:00:00;11:59:59
542;5;2021-08-30;12:00:00;12:59:59
543;5;2021-08-30;13:00:00;13:59:59
544;5;2021-08-30;14:00:00;14:59:59
545;5;2021-08-31;10:00:00;10:59:59
546;5;2021-08-31;11:00:00;11:59:59
547;5;2021-08-31;12:00:00;12:59:59
548;5;2021-08-31;13:00:00;13:59:59
549;5;2021-08-31;14:00:00;14:59:59
550;6;2021-08-02;10:00:00;10:59:59
551;6;2021-08-02;11:00:00;11:59:59
552;6;2021-08-02;12:00:00;12:59:59
553;6;2021-08-02;13:00:00;13:59:59
554;6;2021-08-02;14:00:00;14:59:59
555;6;2021-08-03;10:00:00;10:59:59
556;6;2021-08-03;11:00:00;11:59:59
557;6;2021-08-03;12:00:00;12:59:59
558;6;2021-08-03;13:00:00;13:59:59
559;6;2021-08-03;14:00:00;14:59:59
560;6;2021-08-04;10:00:00;10:59:59
561;6;2021-08-04;11:00:00;11:59:59
562;6;2021-08-04;12:00:00;12:59:59
563;6;2021-08-04;13:00:00;13:59:59
564;6;2021-08-04;14:00:00;14:59:59
565;6;2021-08-05;10:00:00;10:59:59
566;6;2021-08-05;11:00:00;11:59:59
567;6;2021-08-05;12:00:00;12:59:59
568;6;2021-08-05;13:00:00;13:59:59
569;6;2021-08-05;14:00:00;14:59:59
570;6;2021-08-06;10:00:00;10:59:59
571;6;2021-08-06;11:00:00;11:59:59
572;6;2021-08-06;12:00:00;12:59:59
573;6;2021-08-06;13:00:00;13:59:59
574;6;2021-08-06;14:00:00;14:59:59
575;6;2021-08-09;10:00:00;10:59:59
576;6;2021-08-09;11:00:00;11:59:59
577;6;2021-08-09;12:00:00;12:59:59
578;6;2021-08-09;13:00:00;13:59:59
579;6;2021-08-09;14:00:00;14:59:59
580;6;2021-08-10;10:00:00;10:59:59
581;6;2021-08-10;11:00:00;11:59:59
582;6;2021-08-10;12:00:00;12:59:59
583;6;2021-08-10;13:00:00;13:59:59
584;6;2021-08-10;14:00:00;14:59:59
585;6;2021-08-11;10:00:00;10:59:59
586;6;2021-08-11;11:00:00;11:59:59
587;6;2021-08-11;12:00:00;12:59:59
588;6;2021-08-11;13:00:00;13:59:59
589;6;2021-08-11;14:00:00;14:59:59
590;6;2021-08-12;10:00:00;10:59:59
591;6;2021-08-12;11:00:00;11:59:59
592;6;2021-08-12;12:00:00;12:59:59
593;6;2021-08-12;13:00:00;13:59:59
594;6;2021-08-12;14:00:00;14:59:59
595;6;2021-08-13;10:00:00;10:59:59
596;6;2021-08-13;11:00:00;11:59:59
597;6;2021-08-13;12:00:00;12:59:59
598;6;2021-08-13;13:00:00;13:59:59
599;6;2021-08-13;14:00:00;14:59:59
600;6;2021-08-16;10:00:00;10:59:59
601;6;2021-08-16;11:00:00;11:59:59
602;6;2021-08-16;12:00:00;12:59:59
603;6;2021-08-16;13:00:00;13:59:59
604;6;2021-08-16;14:00:00;14:59:59
605;6;2021-08-17;10:00:00;10:59:59
606;6;2021-08-17;11:00:00;11:59:59
607;6;2021-08-17;12:00:00;12:59:59
608;6;2021-08-17;13:00:00;13:59:59
609;6;2021-08-17;14:00:00;14:59:59
610;6;2021-08-18;10:00:00;10:59:59
611;6;2021-08-18;11:00:00;11:59:59
612;6;2021-08-18;12:00:00;12:59:59
613;6;2021-08-18;13:00:00;13:59:59
614;6;2021-08-18;14:00:00;14:59:59
615;6;2021-08-19;10:00:00;10:59:59
616;6;2021-08-19;11:00:00;11:59:59
617;6;2021-08-19;12:00:00;12:59:59
618;6;2021-08-19;13:00:00;13:59:59
619;6;2021-08-19;14:00:00;14:59:59
620;6;2021-08-20;10:00:00;10:59:59
621;6;2021-08-20;11:00:00;11:59:59
622;6;2021-08-20;12:00:00;12:59:59
623;6;2021-08-20;13:00:00;13:59:59
624;6;2021-08-20;14:00:00;14:59:59
625;6;2021-08-23;10:00:00;10:59:59
626;6;2021-08-23;11:00:00;11:59:59
627;6;2021-08-23;12:00:00;12:59:59
628;6;2021-08-23;13:00:00;13:59:59
629;6;2021-08-23;14:00:00;14:59:59
630;6;2021-08-24;10:00:00;10:59:59
631;6;2021-08-24;11:00:00;11:59:59
632;6;2021-08-24;12:00:00;12:59:59
633;6;2021-08-24;13:00:00;13:59:59
634;6;2021-08-24;14:00:00;14:59:59
635;6;2021-08-25;10:00:00;10:59:59
636;6;2021-08-25;11:00:00;11:59:59
637;6;2021-08-25;12:00:00;12:59:59
638;6;2021-08-25;13:00:00;13:59:59
639;6;2021-08-25;14:00:00;14:59:59
640;6;2021-08-26;10:00:00;10:59:59
641;6;2021-08-26;11:00:00;11:59:59
642;6;2021-08-26;12:00:00;12:59:59
643;6;2021-08-26;13:00:00;13:59:59
644;6;2021-08-26;14:00:00;14:59:59
645;6;2021-08-27;10:00:00;10:59:59
646;6;2021-08-27;11:00:00;11:59:59
647;6;2021-08-27;12:00:00;12:59:59
648;6;2021-08-27;13:00:00;13:59:59
649;6;2021-08-27;14:00:00;14:59:59
650;6;2021-08-30;10:00:00;10:59:59
651;6;2021-08-30;11:00:00;11:59:59
652;6;2021-08-30;12:00:00;12:59:59
653;6;2021-08-30;13:00:00;13:59:59
654;6;2021-08-30;14:00:00;14:59:59
655;6;2021-08-31;10:00:00;10:59:59
656;6;2021-08-31;11:00:00;11:59:59
657;6;2021-08-31;12:00:00;12:59:59
658;6;2021-08-31;13:00:00;13:59:59
659;6;2021-08-31;14:00:00;14:59:59
660;7;2021-08-02;10:00:00;10:59:59
661;7;2021-08-02;11:00:00;11:59:59
662;7;2021-08-02;12:00:00;12:59:59
663;7;2021-08-02;13:00:00;13:59:59
664;7;2021-08-02;14:00:00;14:59:59
665;7;2021-08-03;10:00:00;10:59:59
666;7;2021-08-03;11:00:00;11:59:59
667;7;2021-08-03;12:00:00;12:59:59
668;7;2021-08-03;13:00:00;13:59:59
669;7;2021-08-03;14:00:00;14:59:59
670;7;2021-08-04;10:00:00;10:59:59
671;7;2021-08-04;11:00:00;11:59:59
672;7;2021-08-04;12:00:00;12:59:59
673;7;2021-08-04;13:00:00;13:59:59
674;7;2021-08-04;14:00:00;14:59:59
675;7;2021-08-05;10:00:00;10:59:59
676;7;2021-08-05;11:00:00;11:59:59
677;7;2021-08-05;12:00:00;12:59:59
678;7;2021-08-05;13:00:00;13:59:59
679;7;2021-08-05;14:00:00;14:59:59
680;7;2021-08-06;10:00:00;10:59:59
681;7;2021-08-06;11:00:00;11:59:59
682;7;2021-08-06;12:00:00;12:59:59
683;7;2021-08-06;13:00:00;13:59:59
684;7;2021-08-06;14:00:00;14:59:59
685;7;2021-08-09;10:00:00;10:59:59
686;7;2021-08-09;11:00:00;11:59:59
687;7;2021-08-09;12:00:00;12:59:59
688;7;2021-08-09;13:00:00;13:59:59
689;7;2021-08-09;14:00:00;14:59:59
690;7;2021-08-10;10:00:00;10:59:59
691;7;2021-08-10;11:00:00;11:59:59
692;7;2021-08-10;12:00:00;12:59:59
693;7;2021-08-10;13:00:00;13:59:59
694;7;2021-08-10;14:00:00;14:59:59
695;7;2021-08-11;10:00:00;10:59:59
696;7;2021-08-11;11:00:00;11:59:59
697;7;2021-08-11;12:00:00;12:59:59
698;7;2021-08-11;13:00:00;13:59:59
699;7;2021-08-11;14:00:00;14:59:59
700;7;2021-08-12;10:00:00;10:59:59
701;7;2021-08-12;11:00:00;11:59:59
702;7;2021-08-12;12:00:00;12:59:59
703;7;2021-08-12;13:00:00;13:59:59
704;7;2021-08-12;14:00:00;14:59:59
705;7;2021-08-13;10:00:00;10:59:59
706;7;2021-08-13;11:00:00;11:59:59
707;7;2021-08-13;12:00:00;12:59:59
708;7;2021-08-13;13:00:00;13:59:59
709;7;2021-08-13;14:00:00;14:59:59
710;7;2021-08-16;10:00:00;10:59:59
711;7;2021-08-16;11:00:00;11:59:59
712;7;2021-08-16;12:00:00;12:59:59
713;7;2021-08-16;13:00:00;13:59:59
714;7;2021-08-16;14:00:00;14:59:59
715;7;2021-08-17;10:00:00;10:59:59
716;7;2021-08-17;11:00:00;11:59:59
717;7;2021-08-17;12:00:00;12:59:59
718;7;2021-08-17;13:00:00;13:59:59
719;7;2021-08-17;14:00:00;14:59:59
720;7;2021-08-18;10:00:00;10:59:59
721;7;2021-08-18;11:00:00;11:59:59
722;7;2021-08-18;12:00:00;12:59:59
723;7;2021-08-18;13:00:00;13:59:59
724;7;2021-08-18;14:00:00;14:59:59
725;7;2021-08-19;10:00:00;10:59:59
726;7;2021-08-19;11:00:00;11:59:59
727;7;2021-08-19;12:00:00;12:59:59
728;7;2021-08-19;13:00:00;13:59:59
729;7;2021-08-19;14:00:00;14:59:59
730;7;2021-08-20;10:00:00;10:59:59
731;7;2021-08-20;11:00:00;11:59:59
732;7;2021-08-20;12:00:00;12:59:59
733;7;2021-08-20;13:00:00;13:59:59
734;7;2021-08-20;14:00:00;14:59:59
735;7;2021-08-23;10:00:00;10:59:59
736;7;2021-08-23;11:00:00;11:59:59
737;7;2021-08-23;12:00:00;12:59:59
738;7;2021-08-23;13:00:00;13:59:59
739;7;2021-08-23;14:00:00;14:59:59
740;7;2021-08-24;10:00:00;10:59:59
741;7;2021-08-24;11:00:00;11:59:59
742;7;2021-08-24;12:00:00;12:59:59
743;7;2021-08-24;13:00:00;13:59:59
744;7;2021-08-24;14:00:00;14:59:59
745;7;2021-08-25;10:00:00;10:59:59
746;7;2021-08-25;11:00:00;11:59:59
747;7;2021-08-25;12:00:00;12:59:59
748;7;2021-08-25;13:00:00;13:59:59
749;7;2021-08-25;14:00:00;14:59:59
750;7;2021-08-26;10:00:00;10:59:59
751;7;2021-08-26;11:00:00;11:59:59
752;7;2021-08-26;12:00:00;12:59:59
753;7;2021-08-26;13:00:00;13:59:59
754;7;2021-08-26;14:00:00;14:59:59
755;7;2021-08-27;10:00:00;10:59:59
756;7;2021-08-27;11:00:00;11:59:59
757;7;2021-08-27;12:00:00;12:59:59
758;7;2021-08-27;13:00:00;13:59:59
759;7;2021-08-27;14:00:00;14:59:59
760;7;2021-08-30;10:00:00;10:59:59
761;7;2021-08-30;11:00:00;11:59:59
762;7;2021-08-30;12:00:00;12:59:59
763;7;2021-08-30;13:00:00;13:59:59
764;7;2021-08-30;14:00:00;14:59:59
765;7;2021-08-31;10:00:00;10:59:59
766;7;2021-08-31;11:00:00;11:59:59
767;7;2021-08-31;12:00:00;12:59:59
768;7;2021-08-31;13:00:00;13:59:59
769;7;2021-08-31;14:00:00;14:59:59
770;8;2021-08-02;10:00:00;10:59:59
771;8;2021-08-02;11:00:00;11:59:59
772;8;2021-08-02;12:00:00;12:59:59
773;8;2021-08-02;13:00:00;13:59:59
774;8;2021-08-02;14:00:00;14:59:59
775;8;2021-08-03;10:00:00;10:59:59
776;8;2021-08-03;11:00:00;11:59:59
777;8;2021-08-03;12:00:00;12:59:59
778;8;2021-08-03;13:00:00;13:59:59
779;8;2021-08-03;14:00:00;14:59:59
780;8;2021-08-04;10:00:00;10:59:59
781;8;2021-08-04;11:00:00;11:59:59
782;8;2021-08-04;12:00:00;12:59:59
783;8;2021-08-04;13:00:00;13:59:59
784;8;2021-08-04;14:00:00;14:59:59
785;8;2021-08-05;10:00:00;10:59:59
786;8;2021-08-05;11:00:00;11:59:59
787;8;2021-08-05;12:00:00;12:59:59
788;8;2021-08-05;13:00:00;13:59:59
789;8;2021-08-05;14:00:00;14:59:59
790;8;2021-08-06;10:00:00;10:59:59
791;8;2021-08-06;11:00:00;11:59:59
792;8;2021-08-06;12:00:00;12:59:59
793;8;2021-08-06;13:00:00;13:59:59
794;8;2021-08-06;14:00:00;14:59:59
795;8;2021-08-09;10:00:00;10:59:59
796;8;2021-08-09;11:00:00;11:59:59
797;8;2021-08-09;12:00:00;12:59:59
798;8;2021-08-09;13:00:00;13:59:59
799;8;2021-08-09;14:00:00;14:59:59
800;8;2021-08-10;10:00:00;10:59:59
801;8;2021-08-10;11:00:00;11:59:59
802;8;2021-08-10;12:00:00;12:59:59
803;8;2021-08-10;13:00:00;13:59:59
804;8;2021-08-10;14:00:00;14:59:59
805;8;2021-08-11;10:00:00;10:59:59
806;8;2021-08-11;11:00:00;11:59:59
807;8;2021-08-11;12:00:00;12:59:59
808;8;2021-08-11;13:00:00;13:59:59
809;8;2021-08-11;14:00:00;14:59:59
810;8;2021-08-12;10:00:00;10:59:59
811;8;2021-08-12;11:00:00;11:59:59
812;8;2021-08-12;12:00:00;12:59:59
813;8;2021-08-12;13:00:00;13:59:59
814;8;2021-08-12;14:00:00;14:59:59
815;8;2021-08-13;10:00:00;10:59:59
816;8;2021-08-13;11:00:00;11:59:59
817;8;2021-08-13;12:00:00;12:59:59
818;8;2021-08-13;13:00:00;13:59:59
819;8;2021-08-13;14:00:00;14:59:59
820;8;2021-08-16;10:00:00;10:59:59
821;8;2021-08-16;11:00:00;11:59:59
822;8;2021-08-16;12:00:00;12:59:59
823;8;2021-08-16;13:00:00;13:59:59
824;8;2021-08-16;14:00:00;14:59:59
825;8;2021-08-17;10:00:00;10:59:59
826;8;2021-08-17;11:00:00;11:59:59
827;8;2021-08-17;12:00:00;12:59:59
828;8;2021-08-17;13:00:00;13:59:59
829;8;2021-08-17;14:00:00;14:59:59
830;8;2021-08-18;10:00:00;10:59:59
831;8;2021-08-18;11:00:00;11:59:59
832;8;2021-08-18;12:00:00;12:59:59
833;8;2021-08-18;13:00:00;13:59:59
834;8;2021-08-18;14:00:00;14:59:59
835;8;2021-08-19;10:00:00;10:59:59
836;8;2021-08-19;11:00:00;11:59:59
837;8;2021-08-19;12:00:00;12:59:59
838;8;2021-08-19;13:00:00;13:59:59
839;8;2021-08-19;14:00:00;14:59:59
840;8;2021-08-20;10:00:00;10:59:59
841;8;2021-08-20;11:00:00;11:59:59
842;8;2021-08-20;12:00:00;12:59:59
843;8;2021-08-20;13:00:00;13:59:59
844;8;2021-08-20;14:00:00;14:59:59
845;8;2021-08-23;10:00:00;10:59:59
846;8;2021-08-23;11:00:00;11:59:59
847;8;2021-08-23;12:00:00;12:59:59
848;8;2021-08-23;13:00:00;13:59:59
849;8;2021-08-23;14:00:00;14:59:59
850;8;2021-08-24;10:00:00;10:59:59
851;8;2021-08-24;11:00:00;11:59:59
852;8;2021-08-24;12:00:00;12:59:59
853;8;2021-08-24;13:00:00;13:59:59
854;8;2021-08-24;14:00:00;14:59:59
855;8;2021-08-25;10:00:00;10:59:59
856;8;2021-08-25;11:00:00;11:59:59
857;8;2021-08-25;12:00:00;12:59:59
858;8;2021-08-25;13:00:00;13:59:59
859;8;2021-08-25;14:00:00;14:59:59
860;8;2021-08-26;10:00:00;10:59:59
861;8;2021-08-26;11:00:00;11:59:59
862;8;2021-08-26;12:00:00;12:59:59
863;8;2021-08-26;13:00:00;13:59:59
864;8;2021-08-26;14:00:00;14:59:59
865;8;2021-08-27;10:00:00;10:59:59
866;8;2021-08-27;11:00:00;11:59:59
867;8;2021-08-27;12:00:00;12:59:59
868;8;2021-08-27;13:00:00;13:59:59
869;8;2021-08-27;14:00:00;14:59:59
870;8;2021-08-30;10:00:00;10:59:59
871;8;2021-08-30;11:00:00;11:59:59
872;8;2021-08-30;12:00:00;12:59:59
873;8;2021-08-30;13:00:00;13:59:59
874;8;2021-08-30;14:00:00;14:59:59
875;8;2021-08-31;10:00:00;10:59:59
876;8;2021-08-31;11:00:00;11:59:59
877;8;2021-08-31;12:00:00;12:59:59
878;8;2021-08-31;13:00:00;13:59:59
879;8;2021-08-31;14:00:00;14:59:59
880;9;2021-08-02;10:00:00;10:59:59
881;9;2021-08-02;11:00:00;11:59:59
882;9;2021-08-02;12:00:00;12:59:59
883;9;2021-08-02;13:00:00;13:59:59
884;9;2021-08-02;14:00:00;14:59:59
885;9;2021-08-03;10:00:00;10:59:59
886;9;2021-08-03;11:00:00;11:59:59
887;9;2021-08-03;12:00:00;12:59:59
888;9;2021-08-03;13:00:00;13:59:59
889;9;2021-08-03;14:00:00;14:59:59
890;9;2021-08-04;10:00:00;10:59:59
891;9;2021-08-04;11:00:00;11:59:59
892;9;2021-08-04;12:00:00;12:59:59
893;9;2021-08-04;13:00:00;13:59:59
894;9;2021-08-04;14:00:00;14:59:59
895;9;2021-08-05;10:00:00;10:59:59
896;9;2021-08-05;11:00:00;11:59:59
897;9;2021-08-05;12:00:00;12:59:59
898;9;2021-08-05;13:00:00;13:59:59
899;9;2021-08-05;14:00:00;14:59:59
900;9;2021-08-06;10:00:00;10:59:59
901;9;2021-08-06;11:00:00;11:59:59
902;9;2021-08-06;12:00:00;12:59:59
903;9;2021-08-06;13:00:00;13:59:59
904;9;2021-08-06;14:00:00;14:59:59
905;9;2021-08-09;10:00:00;10:59:59
906;9;2021-08-09;11:00:00;11:59:59
907;9;2021-08-09;12:00:00;12:59:59
908;9;2021-08-09;13:00:00;13:59:59
909;9;2021-08-09;14:00:00;14:59:59
910;9;2021-08-10;10:00:00;10:59:59
911;9;2021-08-10;11:00:00;11:59:59
912;9;2021-08-10;12:00:00;12:59:59
913;9;2021-08-10;13:00:00;13:59:59
914;9;2021-08-10;14:00:00;14:59:59
915;9;2021-08-11;10:00:00;10:59:59
916;9;2021-08-11;11:00:00;11:59:59
917;9;2021-08-11;12:00:00;12:59:59
918;9;2021-08-11;13:00:00;13:59:59
919;9;2021-08-11;14:00:00;14:59:59
920;9;2021-08-12;10:00:00;10:59:59
921;9;2021-08-12;11:00:00;11:59:59
922;9;2021-08-12;12:00:00;12:59:59
923;9;2021-08-12;13:00:00;13:59:59
924;9;2021-08-12;14:00:00;14:59:59
925;9;2021-08-13;10:00:00;10:59:59
926;9;2021-08-13;11:00:00;11:59:59
927;9;2021-08-13;12:00:00;12:59:59
928;9;2021-08-13;13:00:00;13:59:59
929;9;2021-08-13;14:00:00;14:59:59
930;9;2021-08-16;10:00:00;10:59:59
931;9;2021-08-16;11:00:00;11:59:59
932;9;2021-08-16;12:00:00;12:59:59
933;9;2021-08-16;13:00:00;13:59:59
934;9;2021-08-16;14:00:00;14:59:59
935;9;2021-08-17;10:00:00;10:59:59
936;9;2021-08-17;11:00:00;11:59:59
937;9;2021-08-17;12:00:00;12:59:59
938;9;2021-08-17;13:00:00;13:59:59
939;9;2021-08-17;14:00:00;14:59:59
940;9;2021-08-18;10:00:00;10:59:59
941;9;2021-08-18;11:00:00;11:59:59
942;9;2021-08-18;12:00:00;12:59:59
943;9;2021-08-18;13:00:00;13:59:59
944;9;2021-08-18;14:00:00;14:59:59
945;9;2021-08-19;10:00:00;10:59:59
946;9;2021-08-19;11:00:00;11:59:59
947;9;2021-08-19;12:00:00;12:59:59
948;9;2021-08-19;13:00:00;13:59:59
949;9;2021-08-19;14:00:00;14:59:59
950;9;2021-08-20;10:00:00;10:59:59
951;9;2021-08-20;11:00:00;11:59:59
952;9;2021-08-20;12:00:00;12:59:59
953;9;2021-08-20;13:00:00;13:59:59
954;9;2021-08-20;14:00:00;14:59:59
955;9;2021-08-23;10:00:00;10:59:59
956;9;2021-08-23;11:00:00;11:59:59
957;9;2021-08-23;12:00:00;12:59:59
958;9;2021-08-23;13:00:00;13:59:59
959;9;2021-08-23;14:00:00;14:59:59
960;9;2021-08-24;10:00:00;10:59:59
961;9;2021-08-24;11:00:00;11:59:59
962;9;2021-08-24;12:00:00;12:59:59
963;9;2021-08-24;13:00:00;13:59:59
964;9;2021-08-24;14:00:00;14:59:59
965;9;2021-08-25;10:00:00;10:59:59
966;9;2021-08-25;11:00:00;11:59:59
967;9;2021-08-25;12:00:00;12:59:59
968;9;2021-08-25;13:00:00;13:59:59
969;9;2021-08-25;14:00:00;14:59:59
970;9;2021-08-26;10:00:00;10:59:59
971;9;2021-08-26;11:00:00;11:59:59
972;9;2021-08-26;12:00:00;12:59:59
973;9;2021-08-26;13:00:00;13:59:59
974;9;2021-08-26;14:00:00;14:59:59
975;9;2021-08-27;10:00:00;10:59:59
976;9;2021-08-27;11:00:00;11:59:59
977;9;2021-08-27;12:00:00;12:59:59
978;9;2021-08-27;13:00:00;13:59:59
979;9;2021-08-27;14:00:00;14:59:59
980;9;2021-08-30;10:00:00;10:59:59
981;9;2021-08-30;11:00:00;11:59:59
982;9;2021-08-30;12:00:00;12:59:59
983;9;2021-08-30;13:00:00;13:59:59
984;9;2021-08-30;14:00:00;14:59:59
985;9;2021-08-31;10:00:00;10:59:59
986;9;2021-08-31;11:00:00;11:59:59
987;9;2021-08-31;12:00:00;12:59:59
988;9;2021-08-31;13:00:00;13:59:59
989;9;2021-08-31;14:00:00;14:59:59
990;10;2021-08-02;10:00:00;10:59:59
991;10;2021-08-02;11:00:00;11:59:59
992;10;2021-08-02;12:00:00;12:59:59
993;10;2021-08-02;13:00:00;13:59:59
994;10;2021-08-02;14:00:00;14:59:59
995;10;2021-08-03;10:00:00;10:59:59
996;10;2021-08-03;11:00:00;11:59:59
997;10;2021-08-03;12:00:00;12:59:59
998;10;2021-08-03;13:00:00;13:59:59
999;10;2021-08-03;14:00:00;14:59:59
1000;10;2021-08-04;10:00:00;10:59:59
1001;10;2021-08-04;11:00:00;11:59:59
1002;10;2021-08-04;12:00:00;12:59:59
1003;10;2021-08-04;13:00:00;13:59:59
1004;10;2021-08-04;14:00:00;14:59:59
1005;10;2021-08-05;10:00:00;10:59:59
1006;10;2021-08-05;11:00:00;11:59:59
1007;10;2021-08-05;12:00:00;12:59:59
1008;10;2021-08-05;13:00:00;13:59:59
1009;10;2021-08-05;14:00:00;14:59:59
1010;10;2021-08-06;10:00:00;10:59:59
1011;10;2021-08-06;11:00:00;11:59:59
1012;10;2021-08-06;12:00:00;12:59:59
1013;10;2021-08-06;13:00:00;13:59:59
1014;10;2021-08-06;14:00:00;14:59:59
1015;10;2021-08-09;10:00:00;10:59:59
1016;10;2021-08-09;11:00:00;11:59:59
1017;10;2021-08-09;12:00:00;12:59:59
1018;10;2021-08-09;13:00:00;13:59:59
1019;10;2021-08-09;14:00:00;14:59:59
1020;10;2021-08-10;10:00:00;10:59:59
1021;10;2021-08-10;11:00:00;11:59:59
1022;10;2021-08-10;12:00:00;12:59:59
1023;10;2021-08-10;13:00:00;13:59:59
1024;10;2021-08-10;14:00:00;14:59:59
1025;10;2021-08-11;10:00:00;10:59:59
1026;10;2021-08-11;11:00:00;11:59:59
1027;10;2021-08-11;12:00:00;12:59:59
1028;10;2021-08-11;13:00:00;13:59:59
1029;10;2021-08-11;14:00:00;14:59:59
1030;10;2021-08-12;10:00:00;10:59:59
1031;10;2021-08-12;11:00:00;11:59:59
1032;10;2021-08-12;12:00:00;12:59:59
1033;10;2021-08-12;13:00:00;13:59:59
1034;10;2021-08-12;14:00:00;14:59:59
1035;10;2021-08-13;10:00:00;10:59:59
1036;10;2021-08-13;11:00:00;11:59:59
1037;10;2021-08-13;12:00:00;12:59:59
1038;10;2021-08-13;13:00:00;13:59:59
1039;10;2021-08-13;14:00:00;14:59:59
1040;10;2021-08-16;10:00:00;10:59:59
1041;10;2021-08-16;11:00:00;11:59:59
1042;10;2021-08-16;12:00:00;12:59:59
1043;10;2021-08-16;13:00:00;13:59:59
1044;10;2021-08-16;14:00:00;14:59:59
1045;10;2021-08-17;10:00:00;10:59:59
1046;10;2021-08-17;11:00:00;11:59:59
1047;10;2021-08-17;12:00:00;12:59:59
1048;10;2021-08-17;13:00:00;13:59:59
1049;10;2021-08-17;14:00:00;14:59:59
1050;10;2021-08-18;10:00:00;10:59:59
1051;10;2021-08-18;11:00:00;11:59:59
1052;10;2021-08-18;12:00:00;12:59:59
1053;10;2021-08-18;13:00:00;13:59:59
1054;10;2021-08-18;14:00:00;14:59:59
1055;10;2021-08-19;10:00:00;10:59:59
1056;10;2021-08-19;11:00:00;11:59:59
1057;10;2021-08-19;12:00:00;12:59:59
1058;10;2021-08-19;13:00:00;13:59:59
1059;10;2021-08-19;14:00:00;14:59:59
1060;10;2021-08-20;10:00:00;10:59:59
1061;10;2021-08-20;11:00:00;11:59:59
1062;10;2021-08-20;12:00:00;12:59:59
1063;10;2021-08-20;13:00:00;13:59:59
1064;10;2021-08-20;14:00:00;14:59:59
1065;10;2021-08-23;10:00:00;10:59:59
1066;10;2021-08-23;11:00:00;11:59:59
1067;10;2021-08-23;12:00:00;12:59:59
1068;10;2021-08-23;13:00:00;13:59:59
1069;10;2021-08-23;14:00:00;14:59:59
1070;10;2021-08-24;10:00:00;10:59:59
1071;10;2021-08-24;11:00:00;11:59:59
1072;10;2021-08-24;12:00:00;12:59:59
1073;10;2021-08-24;13:00:00;13:59:59
1074;10;2021-08-24;14:00:00;14:59:59
1075;10;2021-08-25;10:00:00;10:59:59
1076;10;2021-08-25;11:00:00;11:59:59
1077;10;2021-08-25;12:00:00;12:59:59
1078;10;2021-08-25;13:00:00;13:59:59
1079;10;2021-08-25;14:00:00;14:59:59
1080;10;2021-08-26;10:00:00;10:59:59
1081;10;2021-08-26;11:00:00;11:59:59
1082;10;2021-08-26;12:00:00;12:59:59
1083;10;2021-08-26;13:00:00;13:59:59
1084;10;2021-08-26;14:00:00;14:59:59
1085;10;2021-08-27;10:00:00;10:59:59
1086;10;2021-08-27;11:00:00;11:59:59
1087;10;2021-08-27;12:00:00;12:59:59
1088;10;2021-08-27;13:00:00;13:59:59
1089;10;2021-08-27;14:00:00;14:59:59
1090;10;2021-08-30;10:00:00;10:59:59
1091;10;2021-08-30;11:00:00;11:59:59
1092;10;2021-08-30;12:00:00;12:59:59
1093;10;2021-08-30;13:00:00;13:59:59
1094;10;2021-08-30;14:00:00;14:59:59
1095;10;2021-08-31;10:00:00;10:59:59
1096;10;2021-08-31;11:00:00;11:59:59
1097;10;2021-08-31;12:00:00;12:59:59
1098;10;2021-08-31;13:00:00;13:59:59
1099;10;2021-08-31;14:00:00;14:59:59
1100;11;2021-08-02;10:00:00;10:59:59
1101;11;2021-08-02;11:00:00;11:59:59
1102;11;2021-08-02;12:00:00;12:59:59
1103;11;2021-08-02;13:00:00;13:59:59
1104;11;2021-08-02;14:00:00;14:59:59
1105;11;2021-08-03;10:00:00;10:59:59
1106;11;2021-08-03;11:00:00;11:59:59
1107;11;2021-08-03;12:00:00;12:59:59
1108;11;2021-08-03;13:00:00;13:59:59
1109;11;2021-08-03;14:00:00;14:59:59
1110;11;2021-08-04;10:00:00;10:59:59
1111;11;2021-08-04;11:00:00;11:59:59
1112;11;2021-08-04;12:00:00;12:59:59
1113;11;2021-08-04;13:00:00;13:59:59
1114;11;2021-08-04;14:00:00;14:59:59
1115;11;2021-08-05;10:00:00;10:59:59
1116;11;2021-08-05;11:00:00;11:59:59
1117;11;2021-08-05;12:00:00;12:59:59
1118;11;2021-08-05;13:00:00;13:59:59
1119;11;2021-08-05;14:00:00;14:59:59
1120;11;2021-08-06;10:00:00;10:59:59
1121;11;2021-08-06;11:00:00;11:59:59
1122;11;2021-08-06;12:00:00;12:59:59
1123;11;2021-08-06;13:00:00;13:59:59
1124;11;2021-08-06;14:00:00;14:59:59
1125;11;2021-08-09;10:00:00;10:59:59
1126;11;2021-08-09;11:00:00;11:59:59
1127;11;2021-08-09;12:00:00;12:59:59
1128;11;2021-08-09;13:00:00;13:59:59
1129;11;2021-08-09;14:00:00;14:59:59
1130;11;2021-08-10;10:00:00;10:59:59
1131;11;2021-08-10;11:00:00;11:59:59
1132;11;2021-08-10;12:00:00;12:59:59
1133;11;2021-08-10;13:00:00;13:59:59
1134;11;2021-08-10;14:00:00;14:59:59
1135;11;2021-08-11;10:00:00;10:59:59
1136;11;2021-08-11;11:00:00;11:59:59
1137;11;2021-08-11;12:00:00;12:59:59
1138;11;2021-08-11;13:00:00;13:59:59
1139;11;2021-08-11;14:00:00;14:59:59
1140;11;2021-08-12;10:00:00;10:59:59
1141;11;2021-08-12;11:00:00;11:59:59
1142;11;2021-08-12;12:00:00;12:59:59
1143;11;2021-08-12;13:00:00;13:59:59
1144;11;2021-08-12;14:00:00;14:59:59
1145;11;2021-08-13;10:00:00;10:59:59
1146;11;2021-08-13;11:00:00;11:59:59
1147;11;2021-08-13;12:00:00;12:59:59
1148;11;2021-08-13;13:00:00;13:59:59
1149;11;2021-08-13;14:00:00;14:59:59
1150;11;2021-08-16;10:00:00;10:59:59
1151;11;2021-08-16;11:00:00;11:59:59
1152;11;2021-08-16;12:00:00;12:59:59
1153;11;2021-08-16;13:00:00;13:59:59
1154;11;2021-08-16;14:00:00;14:59:59
1155;11;2021-08-17;10:00:00;10:59:59
1156;11;2021-08-17;11:00:00;11:59:59
1157;11;2021-08-17;12:00:00;12:59:59
1158;11;2021-08-17;13:00:00;13:59:59
1159;11;2021-08-17;14:00:00;14:59:59
1160;11;2021-08-18;10:00:00;10:59:59
1161;11;2021-08-18;11:00:00;11:59:59
1162;11;2021-08-18;12:00:00;12:59:59
1163;11;2021-08-18;13:00:00;13:59:59
1164;11;2021-08-18;14:00:00;14:59:59
1165;11;2021-08-19;10:00:00;10:59:59
1166;11;2021-08-19;11:00:00;11:59:59
1167;11;2021-08-19;12:00:00;12:59:59
1168;11;2021-08-19;13:00:00;13:59:59
1169;11;2021-08-19;14:00:00;14:59:59
1170;11;2021-08-20;10:00:00;10:59:59
1171;11;2021-08-20;11:00:00;11:59:59
1172;11;2021-08-20;12:00:00;12:59:59
1173;11;2021-08-20;13:00:00;13:59:59
1174;11;2021-08-20;14:00:00;14:59:59
1175;11;2021-08-23;10:00:00;10:59:59
1176;11;2021-08-23;11:00:00;11:59:59
1177;11;2021-08-23;12:00:00;12:59:59
1178;11;2021-08-23;13:00:00;13:59:59
1179;11;2021-08-23;14:00:00;14:59:59
1180;11;2021-08-24;10:00:00;10:59:59
1181;11;2021-08-24;11:00:00;11:59:59
1182;11;2021-08-24;12:00:00;12:59:59
1183;11;2021-08-24;13:00:00;13:59:59
1184;11;2021-08-24;14:00:00;14:59:59
1185;11;2021-08-25;10:00:00;10:59:59
1186;11;2021-08-25;11:00:00;11:59:59
1187;11;2021-08-25;12:00:00;12:59:59
1188;11;2021-08-25;13:00:00;13:59:59
1189;11;2021-08-25;14:00:00;14:59:59
1190;11;2021-08-26;10:00:00;10:59:59
1191;11;2021-08-26;11:00:00;11:59:59
1192;11;2021-08-26;12:00:00;12:59:59
1193;11;2021-08-26;13:00:00;13:59:59
1194;11;2021-08-26;14:00:00;14:59:59
1195;11;2021-08-27;10:00:00;10:59:59
1196;11;2021-08-27;11:00:00;11:59:59
1197;11;2021-08-27;12:00:00;12:59:59
1198;11;2021-08-27;13:00:00;13:59:59
1199;11;2021-08-27;14:00:00;14:59:59
1200;11;2021-08-30;10:00:00;10:59:59
1201;11;2021-08-30;11:00:00;11:59:59
1202;11;2021-08-30;12:00:00;12:59:59
1203;11;2021-08-30;13:00:00;13:59:59
1204;11;2021-08-30;14:00:00;14:59:59
1205;11;2021-08-31;10:00:00;10:59:59
1206;11;2021-08-31;11:00:00;11:59:59
1207;11;2021-08-31;12:00:00;12:59:59
1208;11;2021-08-31;13:00:00;13:59:59
1209;11;2021-08-31;14:00:00;14:59:59
1210;12;2021-08-02;10:00:00;10:59:59
1211;12;2021-08-02;11:00:00;11:59:59
1212;12;2021-08-02;12:00:00;12:59:59
1213;12;2021-08-02;13:00:00;13:59:59
1214;12;2021-08-02;14:00:00;14:59:59
1215;12;2021-08-03;10:00:00;10:59:59
1216;12;2021-08-03;11:00:00;11:59:59
1217;12;2021-08-03;12:00:00;12:59:59
1218;12;2021-08-03;13:00:00;13:59:59
1219;12;2021-08-03;14:00:00;14:59:59
1220;12;2021-08-04;10:00:00;10:59:59
1221;12;2021-08-04;11:00:00;11:59:59
1222;12;2021-08-04;12:00:00;12:59:59
1223;12;2021-08-04;13:00:00;13:59:59
1224;12;2021-08-04;14:00:00;14:59:59
1225;12;2021-08-05;10:00:00;10:59:59
1226;12;2021-08-05;11:00:00;11:59:59
1227;12;2021-08-05;12:00:00;12:59:59
1228;12;2021-08-05;13:00:00;13:59:59
1229;12;2021-08-05;14:00:00;14:59:59
1230;12;2021-08-06;10:00:00;10:59:59
1231;12;2021-08-06;11:00:00;11:59:59
1232;12;2021-08-06;12:00:00;12:59:59
1233;12;2021-08-06;13:00:00;13:59:59
1234;12;2021-08-06;14:00:00;14:59:59
1235;12;2021-08-09;10:00:00;10:59:59
1236;12;2021-08-09;11:00:00;11:59:59
1237;12;2021-08-09;12:00:00;12:59:59
1238;12;2021-08-09;13:00:00;13:59:59
1239;12;2021-08-09;14:00:00;14:59:59
1240;12;2021-08-10;10:00:00;10:59:59
1241;12;2021-08-10;11:00:00;11:59:59
1242;12;2021-08-10;12:00:00;12:59:59
1243;12;2021-08-10;13:00:00;13:59:59
1244;12;2021-08-10;14:00:00;14:59:59
1245;12;2021-08-11;10:00:00;10:59:59
1246;12;2021-08-11;11:00:00;11:59:59
1247;12;2021-08-11;12:00:00;12:59:59
1248;12;2021-08-11;13:00:00;13:59:59
1249;12;2021-08-11;14:00:00;14:59:59
1250;12;2021-08-12;10:00:00;10:59:59
1251;12;2021-08-12;11:00:00;11:59:59
1252;12;2021-08-12;12:00:00;12:59:59
1253;12;2021-08-12;13:00:00;13:59:59
1254;12;2021-08-12;14:00:00;14:59:59
1255;12;2021-08-13;10:00:00;10:59:59
1256;12;2021-08-13;11:00:00;11:59:59
1257;12;2021-08-13;12:00:00;12:59:59
1258;12;2021-08-13;13:00:00;13:59:59
1259;12;2021-08-13;14:00:00;14:59:59
1260;12;2021-08-16;10:00:00;10:59:59
1261;12;2021-08-16;11:00:00;11:59:59
1262;12;2021-08-16;12:00:00;12:59:59
1263;12;2021-08-16;13:00:00;13:59:59
1264;12;2021-08-16;14:00:00;14:59:59
1265;12;2021-08-17;10:00:00;10:59:59
1266;12;2021-08-17;11:00:00;11:59:59
1267;12;2021-08-17;12:00:00;12:59:59
1268;12;2021-08-17;13:00:00;13:59:59
1269;12;2021-08-17;14:00:00;14:59:59
1270;12;2021-08-18;10:00:00;10:59:59
1271;12;2021-08-18;11:00:00;11:59:59
1272;12;2021-08-18;12:00:00;12:59:59
1273;12;2021-08-18;13:00:00;13:59:59
1274;12;2021-08-18;14:00:00;14:59:59
1275;12;2021-08-19;10:00:00;10:59:59
1276;12;2021-08-19;11:00:00;11:59:59
1277;12;2021-08-19;12:00:00;12:59:59
1278;12;2021-08-19;13:00:00;13:59:59
1279;12;2021-08-19;14:00:00;14:59:59
1280;12;2021-08-20;10:00:00;10:59:59
1281;12;2021-08-20;11:00:00;11:59:59
1282;12;2021-08-20;12:00:00;12:59:59
1283;12;2021-08-20;13:00:00;13:59:59
1284;12;2021-08-20;14:00:00;14:59:59
1285;12;2021-08-23;10:00:00;10:59:59
1286;12;2021-08-23;11:00:00;11:59:59
1287;12;2021-08-23;12:00:00;12:59:59
1288;12;2021-08-23;13:00:00;13:59:59
1289;12;2021-08-23;14:00:00;14:59:59
1290;12;2021-08-24;10:00:00;10:59:59
1291;12;2021-08-24;11:00:00;11:59:59
1292;12;2021-08-24;12:00:00;12:59:59
1293;12;2021-08-24;13:00:00;13:59:59
1294;12;2021-08-24;14:00:00;14:59:59
1295;12;2021-08-25;10:00:00;10:59:59
1296;12;2021-08-25;11:00:00;11:59:59
1297;12;2021-08-25;12:00:00;12:59:59
1298;12;2021-08-25;13:00:00;13:59:59
1299;12;2021-08-25;14:00:00;14:59:59
1300;12;2021-08-26;10:00:00;10:59:59
1301;12;2021-08-26;11:00:00;11:59:59
1302;12;2021-08-26;12:00:00;12:59:59
1303;12;2021-08-26;13:00:00;13:59:59
1304;12;2021-08-26;14:00:00;14:59:59
1305;12;2021-08-27;10:00:00;10:59:59
1306;12;2021-08-27;11:00:00;11:59:59
1307;12;2021-08-27;12:00:00;12:59:59
1308;12;2021-08-27;13:00:00;13:59:59
1309;12;2021-08-27;14:00:00;14:59:59
1310;12;2021-08-30;10:00:00;10:59:59
1311;12;2021-08-30;11:00:00;11:59:59
1312;12;2021-08-30;12:00:00;12:59:59
1313;12;2021-08-30;13:00:00;13:59:59
1314;12;2021-08-30;14:00:00;14:59:59
1315;12;2021-08-31;10:00:00;10:59:59
1316;12;2021-08-31;11:00:00;11:59:59
1317;12;2021-08-31;12:00:00;12:59:59
1318;12;2021-08-31;13:00:00;13:59:59
1319;12;2021-08-31;14:00:00;14:59:59
1320;13;2021-08-02;10:00:00;10:59:59
1321;13;2021-08-02;11:00:00;11:59:59
1322;13;2021-08-02;12:00:00;12:59:59
1323;13;2021-08-02;13:00:00;13:59:59
1324;13;2021-08-02;14:00:00;14:59:59
1325;13;2021-08-03;10:00:00;10:59:59
1326;13;2021-08-03;11:00:00;11:59:59
1327;13;2021-08-03;12:00:00;12:59:59
1328;13;2021-08-03;13:00:00;13:59:59
1329;13;2021-08-03;14:00:00;14:59:59
1330;13;2021-08-04;10:00:00;10:59:59
1331;13;2021-08-04;11:00:00;11:59:59
1332;13;2021-08-04;12:00:00;12:59:59
1333;13;2021-08-04;13:00:00;13:59:59
1334;13;2021-08-04;14:00:00;14:59:59
1335;13;2021-08-05;10:00:00;10:59:59
1336;13;2021-08-05;11:00:00;11:59:59
1337;13;2021-08-05;12:00:00;12:59:59
1338;13;2021-08-05;13:00:00;13:59:59
1339;13;2021-08-05;14:00:00;14:59:59
1340;13;2021-08-06;10:00:00;10:59:59
1341;13;2021-08-06;11:00:00;11:59:59
1342;13;2021-08-06;12:00:00;12:59:59
1343;13;2021-08-06;13:00:00;13:59:59
1344;13;2021-08-06;14:00:00;14:59:59
1345;13;2021-08-09;10:00:00;10:59:59
1346;13;2021-08-09;11:00:00;11:59:59
1347;13;2021-08-09;12:00:00;12:59:59
1348;13;2021-08-09;13:00:00;13:59:59
1349;13;2021-08-09;14:00:00;14:59:59
1350;13;2021-08-10;10:00:00;10:59:59
1351;13;2021-08-10;11:00:00;11:59:59
1352;13;2021-08-10;12:00:00;12:59:59
1353;13;2021-08-10;13:00:00;13:59:59
1354;13;2021-08-10;14:00:00;14:59:59
1355;13;2021-08-11;10:00:00;10:59:59
1356;13;2021-08-11;11:00:00;11:59:59
1357;13;2021-08-11;12:00:00;12:59:59
1358;13;2021-08-11;13:00:00;13:59:59
1359;13;2021-08-11;14:00:00;14:59:59
1360;13;2021-08-12;10:00:00;10:59:59
1361;13;2021-08-12;11:00:00;11:59:59
1362;13;2021-08-12;12:00:00;12:59:59
1363;13;2021-08-12;13:00:00;13:59:59
1364;13;2021-08-12;14:00:00;14:59:59
1365;13;2021-08-13;10:00:00;10:59:59
1366;13;2021-08-13;11:00:00;11:59:59
1367;13;2021-08-13;12:00:00;12:59:59
1368;13;2021-08-13;13:00:00;13:59:59
1369;13;2021-08-13;14:00:00;14:59:59
1370;13;2021-08-16;10:00:00;10:59:59
1371;13;2021-08-16;11:00:00;11:59:59
1372;13;2021-08-16;12:00:00;12:59:59
1373;13;2021-08-16;13:00:00;13:59:59
1374;13;2021-08-16;14:00:00;14:59:59
1375;13;2021-08-17;10:00:00;10:59:59
1376;13;2021-08-17;11:00:00;11:59:59
1377;13;2021-08-17;12:00:00;12:59:59
1378;13;2021-08-17;13:00:00;13:59:59
1379;13;2021-08-17;14:00:00;14:59:59
1380;13;2021-08-18;10:00:00;10:59:59
1381;13;2021-08-18;11:00:00;11:59:59
1382;13;2021-08-18;12:00:00;12:59:59
1383;13;2021-08-18;13:00:00;13:59:59
1384;13;2021-08-18;14:00:00;14:59:59
1385;13;2021-08-19;10:00:00;10:59:59
1386;13;2021-08-19;11:00:00;11:59:59
1387;13;2021-08-19;12:00:00;12:59:59
1388;13;2021-08-19;13:00:00;13:59:59
1389;13;2021-08-19;14:00:00;14:59:59
1390;13;2021-08-20;10:00:00;10:59:59
1391;13;2021-08-20;11:00:00;11:59:59
1392;13;2021-08-20;12:00:00;12:59:59
1393;13;2021-08-20;13:00:00;13:59:59
1394;13;2021-08-20;14:00:00;14:59:59
1395;13;2021-08-23;10:00:00;10:59:59
1396;13;2021-08-23;11:00:00;11:59:59
1397;13;2021-08-23;12:00:00;12:59:59
1398;13;2021-08-23;13:00:00;13:59:59
1399;13;2021-08-23;14:00:00;14:59:59
1400;13;2021-08-24;10:00:00;10:59:59
1401;13;2021-08-24;11:00:00;11:59:59
1402;13;2021-08-24;12:00:00;12:59:59
1403;13;2021-08-24;13:00:00;13:59:59
1404;13;2021-08-24;14:00:00;14:59:59
1405;13;2021-08-25;10:00:00;10:59:59
1406;13;2021-08-25;11:00:00;11:59:59
1407;13;2021-08-25;12:00:00;12:59:59
1408;13;2021-08-25;13:00:00;13:59:59
1409;13;2021-08-25;14:00:00;14:59:59
1410;13;2021-08-26;10:00:00;10:59:59
1411;13;2021-08-26;11:00:00;11:59:59
1412;13;2021-08-26;12:00:00;12:59:59
1413;13;2021-08-26;13:00:00;13:59:59
1414;13;2021-08-26;14:00:00;14:59:59
1415;13;2021-08-27;10:00:00;10:59:59
1416;13;2021-08-27;11:00:00;11:59:59
1417;13;2021-08-27;12:00:00;12:59:59
1418;13;2021-08-27;13:00:00;13:59:59
1419;13;2021-08-27;14:00:00;14:59:59
1420;13;2021-08-30;10:00:00;10:59:59
1421;13;2021-08-30;11:00:00;11:59:59
1422;13;2021-08-30;12:00:00;12:59:59
1423;13;2021-08-30;13:00:00;13:59:59
1424;13;2021-08-30;14:00:00;14:59:59
1425;13;2021-08-31;10:00:00;10:59:59
1426;13;2021-08-31;11:00:00;11:59:59
1427;13;2021-08-31;12:00:00;12:59:59
1428;13;2021-08-31;13:00:00;13:59:59
1429;13;2021-08-31;14:00:00;14:59:59
1430;14;2021-08-02;10:00:00;10:59:59
1431;14;2021-08-02;11:00:00;11:59:59
1432;14;2021-08-02;12:00:00;12:59:59
1433;14;2021-08-02;13:00:00;13:59:59
1434;14;2021-08-02;14:00:00;14:59:59
1435;14;2021-08-03;10:00:00;10:59:59
1436;14;2021-08-03;11:00:00;11:59:59
1437;14;2021-08-03;12:00:00;12:59:59
1438;14;2021-08-03;13:00:00;13:59:59
1439;14;2021-08-03;14:00:00;14:59:59
1440;14;2021-08-04;10:00:00;10:59:59
1441;14;2021-08-04;11:00:00;11:59:59
1442;14;2021-08-04;12:00:00;12:59:59
1443;14;2021-08-04;13:00:00;13:59:59
1444;14;2021-08-04;14:00:00;14:59:59
1445;14;2021-08-05;10:00:00;10:59:59
1446;14;2021-08-05;11:00:00;11:59:59
1447;14;2021-08-05;12:00:00;12:59:59
1448;14;2021-08-05;13:00:00;13:59:59
1449;14;2021-08-05;14:00:00;14:59:59
1450;14;2021-08-06;10:00:00;10:59:59
1451;14;2021-08-06;11:00:00;11:59:59
1452;14;2021-08-06;12:00:00;12:59:59
1453;14;2021-08-06;13:00:00;13:59:59
1454;14;2021-08-06;14:00:00;14:59:59
1455;14;2021-08-09;10:00:00;10:59:59
1456;14;2021-08-09;11:00:00;11:59:59
1457;14;2021-08-09;12:00:00;12:59:59
1458;14;2021-08-09;13:00:00;13:59:59
1459;14;2021-08-09;14:00:00;14:59:59
1460;14;2021-08-10;10:00:00;10:59:59
1461;14;2021-08-10;11:00:00;11:59:59
1462;14;2021-08-10;12:00:00;12:59:59
1463;14;2021-08-10;13:00:00;13:59:59
1464;14;2021-08-10;14:00:00;14:59:59
1465;14;2021-08-11;10:00:00;10:59:59
1466;14;2021-08-11;11:00:00;11:59:59
1467;14;2021-08-11;12:00:00;12:59:59
1468;14;2021-08-11;13:00:00;13:59:59
1469;14;2021-08-11;14:00:00;14:59:59
1470;14;2021-08-12;10:00:00;10:59:59
1471;14;2021-08-12;11:00:00;11:59:59
1472;14;2021-08-12;12:00:00;12:59:59
1473;14;2021-08-12;13:00:00;13:59:59
1474;14;2021-08-12;14:00:00;14:59:59
1475;14;2021-08-13;10:00:00;10:59:59
1476;14;2021-08-13;11:00:00;11:59:59
1477;14;2021-08-13;12:00:00;12:59:59
1478;14;2021-08-13;13:00:00;13:59:59
1479;14;2021-08-13;14:00:00;14:59:59
1480;14;2021-08-16;10:00:00;10:59:59
1481;14;2021-08-16;11:00:00;11:59:59
1482;14;2021-08-16;12:00:00;12:59:59
1483;14;2021-08-16;13:00:00;13:59:59
1484;14;2021-08-16;14:00:00;14:59:59
1485;14;2021-08-17;10:00:00;10:59:59
1486;14;2021-08-17;11:00:00;11:59:59
1487;14;2021-08-17;12:00:00;12:59:59
1488;14;2021-08-17;13:00:00;13:59:59
1489;14;2021-08-17;14:00:00;14:59:59
1490;14;2021-08-18;10:00:00;10:59:59
1491;14;2021-08-18;11:00:00;11:59:59
1492;14;2021-08-18;12:00:00;12:59:59
1493;14;2021-08-18;13:00:00;13:59:59
1494;14;2021-08-18;14:00:00;14:59:59
1495;14;2021-08-19;10:00:00;10:59:59
1496;14;2021-08-19;11:00:00;11:59:59
1497;14;2021-08-19;12:00:00;12:59:59
1498;14;2021-08-19;13:00:00;13:59:59
1499;14;2021-08-19;14:00:00;14:59:59
1500;14;2021-08-20;10:00:00;10:59:59
1501;14;2021-08-20;11:00:00;11:59:59
1502;14;2021-08-20;12:00:00;12:59:59
1503;14;2021-08-20;13:00:00;13:59:59
1504;14;2021-08-20;14:00:00;14:59:59
1505;14;2021-08-23;10:00:00;10:59:59
1506;14;2021-08-23;11:00:00;11:59:59
1507;14;2021-08-23;12:00:00;12:59:59
1508;14;2021-08-23;13:00:00;13:59:59
1509;14;2021-08-23;14:00:00;14:59:59
1510;14;2021-08-24;10:00:00;10:59:59
1511;14;2021-08-24;11:00:00;11:59:59
1512;14;2021-08-24;12:00:00;12:59:59
1513;14;2021-08-24;13:00:00;13:59:59
1514;14;2021-08-24;14:00:00;14:59:59
1515;14;2021-08-25;10:00:00;10:59:59
1516;14;2021-08-25;11:00:00;11:59:59
1517;14;2021-08-25;12:00:00;12:59:59
1518;14;2021-08-25;13:00:00;13:59:59
1519;14;2021-08-25;14:00:00;14:59:59
1520;14;2021-08-26;10:00:00;10:59:59
1521;14;2021-08-26;11:00:00;11:59:59
1522;14;2021-08-26;12:00:00;12:59:59
1523;14;2021-08-26;13:00:00;13:59:59
1524;14;2021-08-26;14:00:00;14:59:59
1525;14;2021-08-27;10:00:00;10:59:59
1526;14;2021-08-27;11:00:00;11:59:59
1527;14;2021-08-27;12:00:00;12:59:59
1528;14;2021-08-27;13:00:00;13:59:59
1529;14;2021-08-27;14:00:00;14:59:59
1530;14;2021-08-30;10:00:00;10:59:59
1531;14;2021-08-30;11:00:00;11:59:59
1532;14;2021-08-30;12:00:00;12:59:59
1533;14;2021-08-30;13:00:00;13:59:59
1534;14;2021-08-30;14:00:00;14:59:59
1535;14;2021-08-31;10:00:00;10:59:59
1536;14;2021-08-31;11:00:00;11:59:59
1537;14;2021-08-31;12:00:00;12:59:59
1538;14;2021-08-31;13:00:00;13:59:59
1539;14;2021-08-31;14:00:00;14:59:59
1540;15;2021-08-02;10:00:00;10:59:59
1541;15;2021-08-02;11:00:00;11:59:59
1542;15;2021-08-02;12:00:00;12:59:59
1543;15;2021-08-02;13:00:00;13:59:59
1544;15;2021-08-02;14:00:00;14:59:59
1545;15;2021-08-03;10:00:00;10:59:59
1546;15;2021-08-03;11:00:00;11:59:59
1547;15;2021-08-03;12:00:00;12:59:59
1548;15;2021-08-03;13:00:00;13:59:59
1549;15;2021-08-03;14:00:00;14:59:59
1550;15;2021-08-04;10:00:00;10:59:59
1551;15;2021-08-04;11:00:00;11:59:59
1552;15;2021-08-04;12:00:00;12:59:59
1553;15;2021-08-04;13:00:00;13:59:59
1554;15;2021-08-04;14:00:00;14:59:59
1555;15;2021-08-05;10:00:00;10:59:59
1556;15;2021-08-05;11:00:00;11:59:59
1557;15;2021-08-05;12:00:00;12:59:59
1558;15;2021-08-05;13:00:00;13:59:59
1559;15;2021-08-05;14:00:00;14:59:59
1560;15;2021-08-06;10:00:00;10:59:59
1561;15;2021-08-06;11:00:00;11:59:59
1562;15;2021-08-06;12:00:00;12:59:59
1563;15;2021-08-06;13:00:00;13:59:59
1564;15;2021-08-06;14:00:00;14:59:59
1565;15;2021-08-09;10:00:00;10:59:59
1566;15;2021-08-09;11:00:00;11:59:59
1567;15;2021-08-09;12:00:00;12:59:59
1568;15;2021-08-09;13:00:00;13:59:59
1569;15;2021-08-09;14:00:00;14:59:59
1570;15;2021-08-10;10:00:00;10:59:59
1571;15;2021-08-10;11:00:00;11:59:59
1572;15;2021-08-10;12:00:00;12:59:59
1573;15;2021-08-10;13:00:00;13:59:59
1574;15;2021-08-10;14:00:00;14:59:59
1575;15;2021-08-11;10:00:00;10:59:59
1576;15;2021-08-11;11:00:00;11:59:59
1577;15;2021-08-11;12:00:00;12:59:59
1578;15;2021-08-11;13:00:00;13:59:59
1579;15;2021-08-11;14:00:00;14:59:59
1580;15;2021-08-12;10:00:00;10:59:59
1581;15;2021-08-12;11:00:00;11:59:59
1582;15;2021-08-12;12:00:00;12:59:59
1583;15;2021-08-12;13:00:00;13:59:59
1584;15;2021-08-12;14:00:00;14:59:59
1585;15;2021-08-13;10:00:00;10:59:59
1586;15;2021-08-13;11:00:00;11:59:59
1587;15;2021-08-13;12:00:00;12:59:59
1588;15;2021-08-13;13:00:00;13:59:59
1589;15;2021-08-13;14:00:00;14:59:59
1590;15;2021-08-16;10:00:00;10:59:59
1591;15;2021-08-16;11:00:00;11:59:59
1592;15;2021-08-16;12:00:00;12:59:59
1593;15;2021-08-16;13:00:00;13:59:59
1594;15;2021-08-16;14:00:00;14:59:59
1595;15;2021-08-17;10:00:00;10:59:59
1596;15;2021-08-17;11:00:00;11:59:59
1597;15;2021-08-17;12:00:00;12:59:59
1598;15;2021-08-17;13:00:00;13:59:59
1599;15;2021-08-17;14:00:00;14:59:59
1600;15;2021-08-18;10:00:00;10:59:59
1601;15;2021-08-18;11:00:00;11:59:59
1602;15;2021-08-18;12:00:00;12:59:59
1603;15;2021-08-18;13:00:00;13:59:59
1604;15;2021-08-18;14:00:00;14:59:59
1605;15;2021-08-19;10:00:00;10:59:59
1606;15;2021-08-19;11:00:00;11:59:59
1607;15;2021-08-19;12:00:00;12:59:59
1608;15;2021-08-19;13:00:00;13:59:59
1609;15;2021-08-19;14:00:00;14:59:59
1610;15;2021-08-20;10:00:00;10:59:59
1611;15;2021-08-20;11:00:00;11:59:59
1612;15;2021-08-20;12:00:00;12:59:59
1613;15;2021-08-20;13:00:00;13:59:59
1614;15;2021-08-20;14:00:00;14:59:59
1615;15;2021-08-23;10:00:00;10:59:59
1616;15;2021-08-23;11:00:00;11:59:59
1617;15;2021-08-23;12:00:00;12:59:59
1618;15;2021-08-23;13:00:00;13:59:59
1619;15;2021-08-23;14:00:00;14:59:59
1620;15;2021-08-24;10:00:00;10:59:59
1621;15;2021-08-24;11:00:00;11:59:59
1622;15;2021-08-24;12:00:00;12:59:59
1623;15;2021-08-24;13:00:00;13:59:59
1624;15;2021-08-24;14:00:00;14:59:59
1625;15;2021-08-25;10:00:00;10:59:59
1626;15;2021-08-25;11:00:00;11:59:59
1627;15;2021-08-25;12:00:00;12:59:59
1628;15;2021-08-25;13:00:00;13:59:59
1629;15;2021-08-25;14:00:00;14:59:59
1630;15;2021-08-26;10:00:00;10:59:59
1631;15;2021-08-26;11:00:00;11:59:59
1632;15;2021-08-26;12:00:00;12:59:59
1633;15;2021-08-26;13:00:00;13:59:59
1634;15;2021-08-26;14:00:00;14:59:59
1635;15;2021-08-27;10:00:00;10:59:59
1636;15;2021-08-27;11:00:00;11:59:59
1637;15;2021-08-27;12:00:00;12:59:59
1638;15;2021-08-27;13:00:00;13:59:59
1639;15;2021-08-27;14:00:00;14:59:59
1640;15;2021-08-30;10:00:00;10:59:59
1641;15;2021-08-30;11:00:00;11:59:59
1642;15;2021-08-30;12:00:00;12:59:59
1643;15;2021-08-30;13:00:00;13:59:59
1644;15;2021-08-30;14:00:00;14:59:59
1645;15;2021-08-31;10:00:00;10:59:59
1646;15;2021-08-31;11:00:00;11:59:59
1647;15;2021-08-31;12:00:00;12:59:59
1648;15;2021-08-31;13:00:00;13:59:59
1649;15;2021-08-31;14:00:00;14:59:59
1650;16;2021-08-02;10:00:00;10:59:59
1651;16;2021-08-02;11:00:00;11:59:59
1652;16;2021-08-02;12:00:00;12:59:59
1653;16;2021-08-02;13:00:00;13:59:59
1654;16;2021-08-02;14:00:00;14:59:59
1655;16;2021-08-03;10:00:00;10:59:59
1656;16;2021-08-03;11:00:00;11:59:59
1657;16;2021-08-03;12:00:00;12:59:59
1658;16;2021-08-03;13:00:00;13:59:59
1659;16;2021-08-03;14:00:00;14:59:59
1660;16;2021-08-04;10:00:00;10:59:59
1661;16;2021-08-04;11:00:00;11:59:59
1662;16;2021-08-04;12:00:00;12:59:59
1663;16;2021-08-04;13:00:00;13:59:59
1664;16;2021-08-04;14:00:00;14:59:59
1665;16;2021-08-05;10:00:00;10:59:59
1666;16;2021-08-05;11:00:00;11:59:59
1667;16;2021-08-05;12:00:00;12:59:59
1668;16;2021-08-05;13:00:00;13:59:59
1669;16;2021-08-05;14:00:00;14:59:59
1670;16;2021-08-06;10:00:00;10:59:59
1671;16;2021-08-06;11:00:00;11:59:59
1672;16;2021-08-06;12:00:00;12:59:59
1673;16;2021-08-06;13:00:00;13:59:59
1674;16;2021-08-06;14:00:00;14:59:59
1675;16;2021-08-09;10:00:00;10:59:59
1676;16;2021-08-09;11:00:00;11:59:59
1677;16;2021-08-09;12:00:00;12:59:59
1678;16;2021-08-09;13:00:00;13:59:59
1679;16;2021-08-09;14:00:00;14:59:59
1680;16;2021-08-10;10:00:00;10:59:59
1681;16;2021-08-10;11:00:00;11:59:59
1682;16;2021-08-10;12:00:00;12:59:59
1683;16;2021-08-10;13:00:00;13:59:59
1684;16;2021-08-10;14:00:00;14:59:59
1685;16;2021-08-11;10:00:00;10:59:59
1686;16;2021-08-11;11:00:00;11:59:59
1687;16;2021-08-11;12:00:00;12:59:59
1688;16;2021-08-11;13:00:00;13:59:59
1689;16;2021-08-11;14:00:00;14:59:59
1690;16;2021-08-12;10:00:00;10:59:59
1691;16;2021-08-12;11:00:00;11:59:59
1692;16;2021-08-12;12:00:00;12:59:59
1693;16;2021-08-12;13:00:00;13:59:59
1694;16;2021-08-12;14:00:00;14:59:59
1695;16;2021-08-13;10:00:00;10:59:59
1696;16;2021-08-13;11:00:00;11:59:59
1697;16;2021-08-13;12:00:00;12:59:59
1698;16;2021-08-13;13:00:00;13:59:59
1699;16;2021-08-13;14:00:00;14:59:59
1700;16;2021-08-16;10:00:00;10:59:59
1701;16;2021-08-16;11:00:00;11:59:59
1702;16;2021-08-16;12:00:00;12:59:59
1703;16;2021-08-16;13:00:00;13:59:59
1704;16;2021-08-16;14:00:00;14:59:59
1705;16;2021-08-17;10:00:00;10:59:59
1706;16;2021-08-17;11:00:00;11:59:59
1707;16;2021-08-17;12:00:00;12:59:59
1708;16;2021-08-17;13:00:00;13:59:59
1709;16;2021-08-17;14:00:00;14:59:59
1710;16;2021-08-18;10:00:00;10:59:59
1711;16;2021-08-18;11:00:00;11:59:59
1712;16;2021-08-18;12:00:00;12:59:59
1713;16;2021-08-18;13:00:00;13:59:59
1714;16;2021-08-18;14:00:00;14:59:59
1715;16;2021-08-19;10:00:00;10:59:59
1716;16;2021-08-19;11:00:00;11:59:59
1717;16;2021-08-19;12:00:00;12:59:59
1718;16;2021-08-19;13:00:00;13:59:59
1719;16;2021-08-19;14:00:00;14:59:59
1720;16;2021-08-20;10:00:00;10:59:59
1721;16;2021-08-20;11:00:00;11:59:59
1722;16;2021-08-20;12:00:00;12:59:59
1723;16;2021-08-20;13:00:00;13:59:59
1724;16;2021-08-20;14:00:00;14:59:59
1725;16;2021-08-23;10:00:00;10:59:59
1726;16;2021-08-23;11:00:00;11:59:59
1727;16;2021-08-23;12:00:00;12:59:59
1728;16;2021-08-23;13:00:00;13:59:59
1729;16;2021-08-23;14:00:00;14:59:59
1730;16;2021-08-24;10:00:00;10:59:59
1731;16;2021-08-24;11:00:00;11:59:59
1732;16;2021-08-24;12:00:00;12:59:59
1733;16;2021-08-24;13:00:00;13:59:59
1734;16;2021-08-24;14:00:00;14:59:59
1735;16;2021-08-25;10:00:00;10:59:59
1736;16;2021-08-25;11:00:00;11:59:59
1737;16;2021-08-25;12:00:00;12:59:59
1738;16;2021-08-25;13:00:00;13:59:59
1739;16;2021-08-25;14:00:00;14:59:59
1740;16;2021-08-26;10:00:00;10:59:59
1741;16;2021-08-26;11:00:00;11:59:59
1742;16;2021-08-26;12:00:00;12:59:59
1743;16;2021-08-26;13:00:00;13:59:59
1744;16;2021-08-26;14:00:00;14:59:59
1745;16;2021-08-27;10:00:00;10:59:59
1746;16;2021-08-27;11:00:00;11:59:59
1747;16;2021-08-27;12:00:00;12:59:59
1748;16;2021-08-27;13:00:00;13:59:59
1749;16;2021-08-27;14:00:00;14:59:59
1750;16;2021-08-30;10:00:00;10:59:59
1751;16;2021-08-30;11:00:00;11:59:59
1752;16;2021-08-30;12:00:00;12:59:59
1753;16;2021-08-30;13:00:00;13:59:59
1754;16;2021-08-30;14:00:00;14:59:59
1755;16;2021-08-31;10:00:00;10:59:59
1756;16;2021-08-31;11:00:00;11:59:59
1757;16;2021-08-31;12:00:00;12:59:59
1758;16;2021-08-31;13:00:00;13:59:59
1759;16;2021-08-31;14:00:00;14:59:59
1760;17;2021-08-02;10:00:00;10:59:59
1761;17;2021-08-02;11:00:00;11:59:59
1762;17;2021-08-02;12:00:00;12:59:59
1763;17;2021-08-02;13:00:00;13:59:59
1764;17;2021-08-02;14:00:00;14:59:59
1765;17;2021-08-03;10:00:00;10:59:59
1766;17;2021-08-03;11:00:00;11:59:59
1767;17;2021-08-03;12:00:00;12:59:59
1768;17;2021-08-03;13:00:00;13:59:59
1769;17;2021-08-03;14:00:00;14:59:59
1770;17;2021-08-04;10:00:00;10:59:59
1771;17;2021-08-04;11:00:00;11:59:59
1772;17;2021-08-04;12:00:00;12:59:59
1773;17;2021-08-04;13:00:00;13:59:59
1774;17;2021-08-04;14:00:00;14:59:59
1775;17;2021-08-05;10:00:00;10:59:59
1776;17;2021-08-05;11:00:00;11:59:59
1777;17;2021-08-05;12:00:00;12:59:59
1778;17;2021-08-05;13:00:00;13:59:59
1779;17;2021-08-05;14:00:00;14:59:59
1780;17;2021-08-06;10:00:00;10:59:59
1781;17;2021-08-06;11:00:00;11:59:59
1782;17;2021-08-06;12:00:00;12:59:59
1783;17;2021-08-06;13:00:00;13:59:59
1784;17;2021-08-06;14:00:00;14:59:59
1785;17;2021-08-09;10:00:00;10:59:59
1786;17;2021-08-09;11:00:00;11:59:59
1787;17;2021-08-09;12:00:00;12:59:59
1788;17;2021-08-09;13:00:00;13:59:59
1789;17;2021-08-09;14:00:00;14:59:59
1790;17;2021-08-10;10:00:00;10:59:59
1791;17;2021-08-10;11:00:00;11:59:59
1792;17;2021-08-10;12:00:00;12:59:59
1793;17;2021-08-10;13:00:00;13:59:59
1794;17;2021-08-10;14:00:00;14:59:59
1795;17;2021-08-11;10:00:00;10:59:59
1796;17;2021-08-11;11:00:00;11:59:59
1797;17;2021-08-11;12:00:00;12:59:59
1798;17;2021-08-11;13:00:00;13:59:59
1799;17;2021-08-11;14:00:00;14:59:59
1800;17;2021-08-12;10:00:00;10:59:59
1801;17;2021-08-12;11:00:00;11:59:59
1802;17;2021-08-12;12:00:00;12:59:59
1803;17;2021-08-12;13:00:00;13:59:59
1804;17;2021-08-12;14:00:00;14:59:59
1805;17;2021-08-13;10:00:00;10:59:59
1806;17;2021-08-13;11:00:00;11:59:59
1807;17;2021-08-13;12:00:00;12:59:59
1808;17;2021-08-13;13:00:00;13:59:59
1809;17;2021-08-13;14:00:00;14:59:59
1810;17;2021-08-16;10:00:00;10:59:59
1811;17;2021-08-16;11:00:00;11:59:59
1812;17;2021-08-16;12:00:00;12:59:59
1813;17;2021-08-16;13:00:00;13:59:59
1814;17;2021-08-16;14:00:00;14:59:59
1815;17;2021-08-17;10:00:00;10:59:59
1816;17;2021-08-17;11:00:00;11:59:59
1817;17;2021-08-17;12:00:00;12:59:59
1818;17;2021-08-17;13:00:00;13:59:59
1819;17;2021-08-17;14:00:00;14:59:59
1820;17;2021-08-18;10:00:00;10:59:59
1821;17;2021-08-18;11:00:00;11:59:59
1822;17;2021-08-18;12:00:00;12:59:59
1823;17;2021-08-18;13:00:00;13:59:59
1824;17;2021-08-18;14:00:00;14:59:59
1825;17;2021-08-19;10:00:00;10:59:59
1826;17;2021-08-19;11:00:00;11:59:59
1827;17;2021-08-19;12:00:00;12:59:59
1828;17;2021-08-19;13:00:00;13:59:59
1829;17;2021-08-19;14:00:00;14:59:59
1830;17;2021-08-20;10:00:00;10:59:59
1831;17;2021-08-20;11:00:00;11:59:59
1832;17;2021-08-20;12:00:00;12:59:59
1833;17;2021-08-20;13:00:00;13:59:59
1834;17;2021-08-20;14:00:00;14:59:59
1835;17;2021-08-23;10:00:00;10:59:59
1836;17;2021-08-23;11:00:00;11:59:59
1837;17;2021-08-23;12:00:00;12:59:59
1838;17;2021-08-23;13:00:00;13:59:59
1839;17;2021-08-23;14:00:00;14:59:59
1840;17;2021-08-24;10:00:00;10:59:59
1841;17;2021-08-24;11:00:00;11:59:59
1842;17;2021-08-24;12:00:00;12:59:59
1843;17;2021-08-24;13:00:00;13:59:59
1844;17;2021-08-24;14:00:00;14:59:59
1845;17;2021-08-25;10:00:00;10:59:59
1846;17;2021-08-25;11:00:00;11:59:59
1847;17;2021-08-25;12:00:00;12:59:59
1848;17;2021-08-25;13:00:00;13:59:59
1849;17;2021-08-25;14:00:00;14:59:59
1850;17;2021-08-26;10:00:00;10:59:59
1851;17;2021-08-26;11:00:00;11:59:59
1852;17;2021-08-26;12:00:00;12:59:59
1853;17;2021-08-26;13:00:00;13:59:59
1854;17;2021-08-26;14:00:00;14:59:59
1855;17;2021-08-27;10:00:00;10:59:59
1856;17;2021-08-27;11:00:00;11:59:59
1857;17;2021-08-27;12:00:00;12:59:59
1858;17;2021-08-27;13:00:00;13:59:59
1859;17;2021-08-27;14:00:00;14:59:59
1860;17;2021-08-30;10:00:00;10:59:59
1861;17;2021-08-30;11:00:00;11:59:59
1862;17;2021-08-30;12:00:00;12:59:59
1863;17;2021-08-30;13:00:00;13:59:59
1864;17;2021-08-30;14:00:00;14:59:59
1865;17;2021-08-31;10:00:00;10:59:59
1866;17;2021-08-31;11:00:00;11:59:59
1867;17;2021-08-31;12:00:00;12:59:59
1868;17;2021-08-31;13:00:00;13:59:59
1869;17;2021-08-31;14:00:00;14:59:59
1870;18;2021-08-02;10:00:00;10:59:59
1871;18;2021-08-02;11:00:00;11:59:59
1872;18;2021-08-02;12:00:00;12:59:59
1873;18;2021-08-02;13:00:00;13:59:59
1874;18;2021-08-02;14:00:00;14:59:59
1875;18;2021-08-03;10:00:00;10:59:59
1876;18;2021-08-03;11:00:00;11:59:59
1877;18;2021-08-03;12:00:00;12:59:59
1878;18;2021-08-03;13:00:00;13:59:59
1879;18;2021-08-03;14:00:00;14:59:59
1880;18;2021-08-04;10:00:00;10:59:59
1881;18;2021-08-04;11:00:00;11:59:59
1882;18;2021-08-04;12:00:00;12:59:59
1883;18;2021-08-04;13:00:00;13:59:59
1884;18;2021-08-04;14:00:00;14:59:59
1885;18;2021-08-05;10:00:00;10:59:59
1886;18;2021-08-05;11:00:00;11:59:59
1887;18;2021-08-05;12:00:00;12:59:59
1888;18;2021-08-05;13:00:00;13:59:59
1889;18;2021-08-05;14:00:00;14:59:59
1890;18;2021-08-06;10:00:00;10:59:59
1891;18;2021-08-06;11:00:00;11:59:59
1892;18;2021-08-06;12:00:00;12:59:59
1893;18;2021-08-06;13:00:00;13:59:59
1894;18;2021-08-06;14:00:00;14:59:59
1895;18;2021-08-09;10:00:00;10:59:59
1896;18;2021-08-09;11:00:00;11:59:59
1897;18;2021-08-09;12:00:00;12:59:59
1898;18;2021-08-09;13:00:00;13:59:59
1899;18;2021-08-09;14:00:00;14:59:59
1900;18;2021-08-10;10:00:00;10:59:59
1901;18;2021-08-10;11:00:00;11:59:59
1902;18;2021-08-10;12:00:00;12:59:59
1903;18;2021-08-10;13:00:00;13:59:59
1904;18;2021-08-10;14:00:00;14:59:59
1905;18;2021-08-11;10:00:00;10:59:59
1906;18;2021-08-11;11:00:00;11:59:59
1907;18;2021-08-11;12:00:00;12:59:59
1908;18;2021-08-11;13:00:00;13:59:59
1909;18;2021-08-11;14:00:00;14:59:59
1910;18;2021-08-12;10:00:00;10:59:59
1911;18;2021-08-12;11:00:00;11:59:59
1912;18;2021-08-12;12:00:00;12:59:59
1913;18;2021-08-12;13:00:00;13:59:59
1914;18;2021-08-12;14:00:00;14:59:59
1915;18;2021-08-13;10:00:00;10:59:59
1916;18;2021-08-13;11:00:00;11:59:59
1917;18;2021-08-13;12:00:00;12:59:59
1918;18;2021-08-13;13:00:00;13:59:59
1919;18;2021-08-13;14:00:00;14:59:59
1920;18;2021-08-16;10:00:00;10:59:59
1921;18;2021-08-16;11:00:00;11:59:59
1922;18;2021-08-16;12:00:00;12:59:59
1923;18;2021-08-16;13:00:00;13:59:59
1924;18;2021-08-16;14:00:00;14:59:59
1925;18;2021-08-17;10:00:00;10:59:59
1926;18;2021-08-17;11:00:00;11:59:59
1927;18;2021-08-17;12:00:00;12:59:59
1928;18;2021-08-17;13:00:00;13:59:59
1929;18;2021-08-17;14:00:00;14:59:59
1930;18;2021-08-18;10:00:00;10:59:59
1931;18;2021-08-18;11:00:00;11:59:59
1932;18;2021-08-18;12:00:00;12:59:59
1933;18;2021-08-18;13:00:00;13:59:59
1934;18;2021-08-18;14:00:00;14:59:59
1935;18;2021-08-19;10:00:00;10:59:59
1936;18;2021-08-19;11:00:00;11:59:59
1937;18;2021-08-19;12:00:00;12:59:59
1938;18;2021-08-19;13:00:00;13:59:59
1939;18;2021-08-19;14:00:00;14:59:59
1940;18;2021-08-20;10:00:00;10:59:59
1941;18;2021-08-20;11:00:00;11:59:59
1942;18;2021-08-20;12:00:00;12:59:59
1943;18;2021-08-20;13:00:00;13:59:59
1944;18;2021-08-20;14:00:00;14:59:59
1945;18;2021-08-23;10:00:00;10:59:59
1946;18;2021-08-23;11:00:00;11:59:59
1947;18;2021-08-23;12:00:00;12:59:59
1948;18;2021-08-23;13:00:00;13:59:59
1949;18;2021-08-23;14:00:00;14:59:59
1950;18;2021-08-24;10:00:00;10:59:59
1951;18;2021-08-24;11:00:00;11:59:59
1952;18;2021-08-24;12:00:00;12:59:59
1953;18;2021-08-24;13:00:00;13:59:59
1954;18;2021-08-24;14:00:00;14:59:59
1955;18;2021-08-25;10:00:00;10:59:59
1956;18;2021-08-25;11:00:00;11:59:59
1957;18;2021-08-25;12:00:00;12:59:59
1958;18;2021-08-25;13:00:00;13:59:59
1959;18;2021-08-25;14:00:00;14:59:59
1960;18;2021-08-26;10:00:00;10:59:59
1961;18;2021-08-26;11:00:00;11:59:59
1962;18;2021-08-26;12:00:00;12:59:59
1963;18;2021-08-26;13:00:00;13:59:59
1964;18;2021-08-26;14:00:00;14:59:59
1965;18;2021-08-27;10:00:00;10:59:59
1966;18;2021-08-27;11:00:00;11:59:59
1967;18;2021-08-27;12:00:00;12:59:59
1968;18;2021-08-27;13:00:00;13:59:59
1969;18;2021-08-27;14:00:00;14:59:59
1970;18;2021-08-30;10:00:00;10:59:59
1971;18;2021-08-30;11:00:00;11:59:59
1972;18;2021-08-30;12:00:00;12:59:59
1973;18;2021-08-30;13:00:00;13:59:59
1974;18;2021-08-30;14:00:00;14:59:59
1975;18;2021-08-31;10:00:00;10:59:59
1976;18;2021-08-31;11:00:00;11:59:59
1977;18;2021-08-31;12:00:00;12:59:59
1978;18;2021-08-31;13:00:00;13:59:59
1979;18;2021-08-31;14:00:00;14:59:59
1980;19;2021-08-02;10:00:00;10:59:59
1981;19;2021-08-02;11:00:00;11:59:59
1982;19;2021-08-02;12:00:00;12:59:59
1983;19;2021-08-02;13:00:00;13:59:59
1984;19;2021-08-02;14:00:00;14:59:59
1985;19;2021-08-03;10:00:00;10:59:59
1986;19;2021-08-03;11:00:00;11:59:59
1987;19;2021-08-03;12:00:00;12:59:59
1988;19;2021-08-03;13:00:00;13:59:59
1989;19;2021-08-03;14:00:00;14:59:59
1990;19;2021-08-04;10:00:00;10:59:59
1991;19;2021-08-04;11:00:00;11:59:59
1992;19;2021-08-04;12:00:00;12:59:59
1993;19;2021-08-04;13:00:00;13:59:59
1994;19;2021-08-04;14:00:00;14:59:59
1995;19;2021-08-05;10:00:00;10:59:59
1996;19;2021-08-05;11:00:00;11:59:59
1997;19;2021-08-05;12:00:00;12:59:59
1998;19;2021-08-05;13:00:00;13:59:59
1999;19;2021-08-05;14:00:00;14:59:59
2000;19;2021-08-06;10:00:00;10:59:59
2001;19;2021-08-06;11:00:00;11:59:59
2002;19;2021-08-06;12:00:00;12:59:59
2003;19;2021-08-06;13:00:00;13:59:59
2004;19;2021-08-06;14:00:00;14:59:59
2005;19;2021-08-09;10:00:00;10:59:59
2006;19;2021-08-09;11:00:00;11:59:59
2007;19;2021-08-09;12:00:00;12:59:59
2008;19;2021-08-09;13:00:00;13:59:59
2009;19;2021-08-09;14:00:00;14:59:59
2010;19;2021-08-10;10:00:00;10:59:59
2011;19;2021-08-10;11:00:00;11:59:59
2012;19;2021-08-10;12:00:00;12:59:59
2013;19;2021-08-10;13:00:00;13:59:59
2014;19;2021-08-10;14:00:00;14:59:59
2015;19;2021-08-11;10:00:00;10:59:59
2016;19;2021-08-11;11:00:00;11:59:59
2017;19;2021-08-11;12:00:00;12:59:59
2018;19;2021-08-11;13:00:00;13:59:59
2019;19;2021-08-11;14:00:00;14:59:59
2020;19;2021-08-12;10:00:00;10:59:59
2021;19;2021-08-12;11:00:00;11:59:59
2022;19;2021-08-12;12:00:00;12:59:59
2023;19;2021-08-12;13:00:00;13:59:59
2024;19;2021-08-12;14:00:00;14:59:59
2025;19;2021-08-13;10:00:00;10:59:59
2026;19;2021-08-13;11:00:00;11:59:59
2027;19;2021-08-13;12:00:00;12:59:59
2028;19;2021-08-13;13:00:00;13:59:59
2029;19;2021-08-13;14:00:00;14:59:59
2030;19;2021-08-16;10:00:00;10:59:59
2031;19;2021-08-16;11:00:00;11:59:59
2032;19;2021-08-16;12:00:00;12:59:59
2033;19;2021-08-16;13:00:00;13:59:59
2034;19;2021-08-16;14:00:00;14:59:59
2035;19;2021-08-17;10:00:00;10:59:59
2036;19;2021-08-17;11:00:00;11:59:59
2037;19;2021-08-17;12:00:00;12:59:59
2038;19;2021-08-17;13:00:00;13:59:59
2039;19;2021-08-17;14:00:00;14:59:59
2040;19;2021-08-18;10:00:00;10:59:59
2041;19;2021-08-18;11:00:00;11:59:59
2042;19;2021-08-18;12:00:00;12:59:59
2043;19;2021-08-18;13:00:00;13:59:59
2044;19;2021-08-18;14:00:00;14:59:59
2045;19;2021-08-19;10:00:00;10:59:59
2046;19;2021-08-19;11:00:00;11:59:59
2047;19;2021-08-19;12:00:00;12:59:59
2048;19;2021-08-19;13:00:00;13:59:59
2049;19;2021-08-19;14:00:00;14:59:59
2050;19;2021-08-20;10:00:00;10:59:59
2051;19;2021-08-20;11:00:00;11:59:59
2052;19;2021-08-20;12:00:00;12:59:59
2053;19;2021-08-20;13:00:00;13:59:59
2054;19;2021-08-20;14:00:00;14:59:59
2055;19;2021-08-23;10:00:00;10:59:59
2056;19;2021-08-23;11:00:00;11:59:59
2057;19;2021-08-23;12:00:00;12:59:59
2058;19;2021-08-23;13:00:00;13:59:59
2059;19;2021-08-23;14:00:00;14:59:59
2060;19;2021-08-24;10:00:00;10:59:59
2061;19;2021-08-24;11:00:00;11:59:59
2062;19;2021-08-24;12:00:00;12:59:59
2063;19;2021-08-24;13:00:00;13:59:59
2064;19;2021-08-24;14:00:00;14:59:59
2065;19;2021-08-25;10:00:00;10:59:59
2066;19;2021-08-25;11:00:00;11:59:59
2067;19;2021-08-25;12:00:00;12:59:59
2068;19;2021-08-25;13:00:00;13:59:59
2069;19;2021-08-25;14:00:00;14:59:59
2070;19;2021-08-26;10:00:00;10:59:59
2071;19;2021-08-26;11:00:00;11:59:59
2072;19;2021-08-26;12:00:00;12:59:59
2073;19;2021-08-26;13:00:00;13:59:59
2074;19;2021-08-26;14:00:00;14:59:59
2075;19;2021-08-27;10:00:00;10:59:59
2076;19;2021-08-27;11:00:00;11:59:59
2077;19;2021-08-27;12:00:00;12:59:59
2078;19;2021-08-27;13:00:00;13:59:59
2079;19;2021-08-27;14:00:00;14:59:59
2080;19;2021-08-30;10:00:00;10:59:59
2081;19;2021-08-30;11:00:00;11:59:59
2082;19;2021-08-30;12:00:00;12:59:59
2083;19;2021-08-30;13:00:00;13:59:59
2084;19;2021-08-30;14:00:00;14:59:59
2085;19;2021-08-31;10:00:00;10:59:59
2086;19;2021-08-31;11:00:00;11:59:59
2087;19;2021-08-31;12:00:00;12:59:59
2088;19;2021-08-31;13:00:00;13:59:59
2089;19;2021-08-31;14:00:00;14:59:59
2090;20;2021-08-02;10:00:00;10:59:59
2091;20;2021-08-02;11:00:00;11:59:59
2092;20;2021-08-02;12:00:00;12:59:59
2093;20;2021-08-02;13:00:00;13:59:59
2094;20;2021-08-02;14:00:00;14:59:59
2095;20;2021-08-03;10:00:00;10:59:59
2096;20;2021-08-03;11:00:00;11:59:59
2097;20;2021-08-03;12:00:00;12:59:59
2098;20;2021-08-03;13:00:00;13:59:59
2099;20;2021-08-03;14:00:00;14:59:59
2100;20;2021-08-04;10:00:00;10:59:59
2101;20;2021-08-04;11:00:00;11:59:59
2102;20;2021-08-04;12:00:00;12:59:59
2103;20;2021-08-04;13:00:00;13:59:59
2104;20;2021-08-04;14:00:00;14:59:59
2105;20;2021-08-05;10:00:00;10:59:59
2106;20;2021-08-05;11:00:00;11:59:59
2107;20;2021-08-05;12:00:00;12:59:59
2108;20;2021-08-05;13:00:00;13:59:59
2109;20;2021-08-05;14:00:00;14:59:59
2110;20;2021-08-06;10:00:00;10:59:59
2111;20;2021-08-06;11:00:00;11:59:59
2112;20;2021-08-06;12:00:00;12:59:59
2113;20;2021-08-06;13:00:00;13:59:59
2114;20;2021-08-06;14:00:00;14:59:59
2115;20;2021-08-09;10:00:00;10:59:59
2116;20;2021-08-09;11:00:00;11:59:59
2117;20;2021-08-09;12:00:00;12:59:59
2118;20;2021-08-09;13:00:00;13:59:59
2119;20;2021-08-09;14:00:00;14:59:59
2120;20;2021-08-10;10:00:00;10:59:59
2121;20;2021-08-10;11:00:00;11:59:59
2122;20;2021-08-10;12:00:00;12:59:59
2123;20;2021-08-10;13:00:00;13:59:59
2124;20;2021-08-10;14:00:00;14:59:59
2125;20;2021-08-11;10:00:00;10:59:59
2126;20;2021-08-11;11:00:00;11:59:59
2127;20;2021-08-11;12:00:00;12:59:59
2128;20;2021-08-11;13:00:00;13:59:59
2129;20;2021-08-11;14:00:00;14:59:59
2130;20;2021-08-12;10:00:00;10:59:59
2131;20;2021-08-12;11:00:00;11:59:59
2132;20;2021-08-12;12:00:00;12:59:59
2133;20;2021-08-12;13:00:00;13:59:59
2134;20;2021-08-12;14:00:00;14:59:59
2135;20;2021-08-13;10:00:00;10:59:59
2136;20;2021-08-13;11:00:00;11:59:59
2137;20;2021-08-13;12:00:00;12:59:59
2138;20;2021-08-13;13:00:00;13:59:59
2139;20;2021-08-13;14:00:00;14:59:59
2140;20;2021-08-16;10:00:00;10:59:59
2141;20;2021-08-16;11:00:00;11:59:59
2142;20;2021-08-16;12:00:00;12:59:59
2143;20;2021-08-16;13:00:00;13:59:59
2144;20;2021-08-16;14:00:00;14:59:59
2145;20;2021-08-17;10:00:00;10:59:59
2146;20;2021-08-17;11:00:00;11:59:59
2147;20;2021-08-17;12:00:00;12:59:59
2148;20;2021-08-17;13:00:00;13:59:59
2149;20;2021-08-17;14:00:00;14:59:59
2150;20;2021-08-18;10:00:00;10:59:59
2151;20;2021-08-18;11:00:00;11:59:59
2152;20;2021-08-18;12:00:00;12:59:59
2153;20;2021-08-18;13:00:00;13:59:59
2154;20;2021-08-18;14:00:00;14:59:59
2155;20;2021-08-19;10:00:00;10:59:59
2156;20;2021-08-19;11:00:00;11:59:59
2157;20;2021-08-19;12:00:00;12:59:59
2158;20;2021-08-19;13:00:00;13:59:59
2159;20;2021-08-19;14:00:00;14:59:59
2160;20;2021-08-20;10:00:00;10:59:59
2161;20;2021-08-20;11:00:00;11:59:59
2162;20;2021-08-20;12:00:00;12:59:59
2163;20;2021-08-20;13:00:00;13:59:59
2164;20;2021-08-20;14:00:00;14:59:59
2165;20;2021-08-23;10:00:00;10:59:59
2166;20;2021-08-23;11:00:00;11:59:59
2167;20;2021-08-23;12:00:00;12:59:59
2168;20;2021-08-23;13:00:00;13:59:59
2169;20;2021-08-23;14:00:00;14:59:59
2170;20;2021-08-24;10:00:00;10:59:59
2171;20;2021-08-24;11:00:00;11:59:59
2172;20;2021-08-24;12:00:00;12:59:59
2173;20;2021-08-24;13:00:00;13:59:59
2174;20;2021-08-24;14:00:00;14:59:59
2175;20;2021-08-25;10:00:00;10:59:59
2176;20;2021-08-25;11:00:00;11:59:59
2177;20;2021-08-25;12:00:00;12:59:59
2178;20;2021-08-25;13:00:00;13:59:59
2179;20;2021-08-25;14:00:00;14:59:59
2180;20;2021-08-26;10:00:00;10:59:59
2181;20;2021-08-26;11:00:00;11:59:59
2182;20;2021-08-26;12:00:00;12:59:59
2183;20;2021-08-26;13:00:00;13:59:59
2184;20;2021-08-26;14:00:00;14:59:59
2185;20;2021-08-27;10:00:00;10:59:59
2186;20;2021-08-27;11:00:00;11:59:59
2187;20;2021-08-27;12:00:00;12:59:59
2188;20;2021-08-27;13:00:00;13:59:59
2189;20;2021-08-27;14:00:00;14:59:59
2190;20;2021-08-30;10:00:00;10:59:59
2191;20;2021-08-30;11:00:00;11:59:59
2192;20;2021-08-30;12:00:00;12:59:59
2193;20;2021-08-30;13:00:00;13:59:59
2194;20;2021-08-30;14:00:00;14:59:59
2195;20;2021-08-31;10:00:00;10:59:59
2196;20;2021-08-31;11:00:00;11:59:59
2197;20;2021-08-31;12:00:00;12:59:59
2198;20;2021-08-31;13:00:00;13:59:59
2199;20;2021-08-31;14:00:00;14:59:59
2200;21;2021-08-02;10:00:00;10:59:59
2201;21;2021-08-02;11:00:00;11:59:59
2202;21;2021-08-02;12:00:00;12:59:59
2203;21;2021-08-02;13:00:00;13:59:59
2204;21;2021-08-02;14:00:00;14:59:59
2205;21;2021-08-03;10:00:00;10:59:59
2206;21;2021-08-03;11:00:00;11:59:59
2207;21;2021-08-03;12:00:00;12:59:59
2208;21;2021-08-03;13:00:00;13:59:59
2209;21;2021-08-03;14:00:00;14:59:59
2210;21;2021-08-04;10:00:00;10:59:59
2211;21;2021-08-04;11:00:00;11:59:59
2212;21;2021-08-04;12:00:00;12:59:59
2213;21;2021-08-04;13:00:00;13:59:59
2214;21;2021-08-04;14:00:00;14:59:59
2215;21;2021-08-05;10:00:00;10:59:59
2216;21;2021-08-05;11:00:00;11:59:59
2217;21;2021-08-05;12:00:00;12:59:59
2218;21;2021-08-05;13:00:00;13:59:59
2219;21;2021-08-05;14:00:00;14:59:59
2220;21;2021-08-06;10:00:00;10:59:59
2221;21;2021-08-06;11:00:00;11:59:59
2222;21;2021-08-06;12:00:00;12:59:59
2223;21;2021-08-06;13:00:00;13:59:59
2224;21;2021-08-06;14:00:00;14:59:59
2225;21;2021-08-09;10:00:00;10:59:59
2226;21;2021-08-09;11:00:00;11:59:59
2227;21;2021-08-09;12:00:00;12:59:59
2228;21;2021-08-09;13:00:00;13:59:59
2229;21;2021-08-09;14:00:00;14:59:59
2230;21;2021-08-10;10:00:00;10:59:59
2231;21;2021-08-10;11:00:00;11:59:59
2232;21;2021-08-10;12:00:00;12:59:59
2233;21;2021-08-10;13:00:00;13:59:59
2234;21;2021-08-10;14:00:00;14:59:59
2235;21;2021-08-11;10:00:00;10:59:59
2236;21;2021-08-11;11:00:00;11:59:59
2237;21;2021-08-11;12:00:00;12:59:59
2238;21;2021-08-11;13:00:00;13:59:59
2239;21;2021-08-11;14:00:00;14:59:59
2240;21;2021-08-12;10:00:00;10:59:59
2241;21;2021-08-12;11:00:00;11:59:59
2242;21;2021-08-12;12:00:00;12:59:59
2243;21;2021-08-12;13:00:00;13:59:59
2244;21;2021-08-12;14:00:00;14:59:59
2245;21;2021-08-13;10:00:00;10:59:59
2246;21;2021-08-13;11:00:00;11:59:59
2247;21;2021-08-13;12:00:00;12:59:59
2248;21;2021-08-13;13:00:00;13:59:59
2249;21;2021-08-13;14:00:00;14:59:59
2250;21;2021-08-16;10:00:00;10:59:59
2251;21;2021-08-16;11:00:00;11:59:59
2252;21;2021-08-16;12:00:00;12:59:59
2253;21;2021-08-16;13:00:00;13:59:59
2254;21;2021-08-16;14:00:00;14:59:59
2255;21;2021-08-17;10:00:00;10:59:59
2256;21;2021-08-17;11:00:00;11:59:59
2257;21;2021-08-17;12:00:00;12:59:59
2258;21;2021-08-17;13:00:00;13:59:59
2259;21;2021-08-17;14:00:00;14:59:59
2260;21;2021-08-18;10:00:00;10:59:59
2261;21;2021-08-18;11:00:00;11:59:59
2262;21;2021-08-18;12:00:00;12:59:59
2263;21;2021-08-18;13:00:00;13:59:59
2264;21;2021-08-18;14:00:00;14:59:59
2265;21;2021-08-19;10:00:00;10:59:59
2266;21;2021-08-19;11:00:00;11:59:59
2267;21;2021-08-19;12:00:00;12:59:59
2268;21;2021-08-19;13:00:00;13:59:59
2269;21;2021-08-19;14:00:00;14:59:59
2270;21;2021-08-20;10:00:00;10:59:59
2271;21;2021-08-20;11:00:00;11:59:59
2272;21;2021-08-20;12:00:00;12:59:59
2273;21;2021-08-20;13:00:00;13:59:59
2274;21;2021-08-20;14:00:00;14:59:59
2275;21;2021-08-23;10:00:00;10:59:59
2276;21;2021-08-23;11:00:00;11:59:59
2277;21;2021-08-23;12:00:00;12:59:59
2278;21;2021-08-23;13:00:00;13:59:59
2279;21;2021-08-23;14:00:00;14:59:59
2280;21;2021-08-24;10:00:00;10:59:59
2281;21;2021-08-24;11:00:00;11:59:59
2282;21;2021-08-24;12:00:00;12:59:59
2283;21;2021-08-24;13:00:00;13:59:59
2284;21;2021-08-24;14:00:00;14:59:59
2285;21;2021-08-25;10:00:00;10:59:59
2286;21;2021-08-25;11:00:00;11:59:59
2287;21;2021-08-25;12:00:00;12:59:59
2288;21;2021-08-25;13:00:00;13:59:59
2289;21;2021-08-25;14:00:00;14:59:59
2290;21;2021-08-26;10:00:00;10:59:59
2291;21;2021-08-26;11:00:00;11:59:59
2292;21;2021-08-26;12:00:00;12:59:59
2293;21;2021-08-26;13:00:00;13:59:59
2294;21;2021-08-26;14:00:00;14:59:59
2295;21;2021-08-27;10:00:00;10:59:59
2296;21;2021-08-27;11:00:00;11:59:59
2297;21;2021-08-27;12:00:00;12:59:59
2298;21;2021-08-27;13:00:00;13:59:59
2299;21;2021-08-27;14:00:00;14:59:59
2300;21;2021-08-30;10:00:00;10:59:59
2301;21;2021-08-30;11:00:00;11:59:59
2302;21;2021-08-30;12:00:00;12:59:59
2303;21;2021-08-30;13:00:00;13:59:59
2304;21;2021-08-30;14:00:00;14:59:59
2305;21;2021-08-31;10:00:00;10:59:59
2306;21;2021-08-31;11:00:00;11:59:59
2307;21;2021-08-31;12:00:00;12:59:59
2308;21;2021-08-31;13:00:00;13:59:59
2309;21;2021-08-31;14:00:00;14:59:59
2310;22;2021-08-02;10:00:00;10:59:59
2311;22;2021-08-02;11:00:00;11:59:59
2312;22;2021-08-02;12:00:00;12:59:59
2313;22;2021-08-02;13:00:00;13:59:59
2314;22;2021-08-02;14:00:00;14:59:59
2315;22;2021-08-03;10:00:00;10:59:59
2316;22;2021-08-03;11:00:00;11:59:59
2317;22;2021-08-03;12:00:00;12:59:59
2318;22;2021-08-03;13:00:00;13:59:59
2319;22;2021-08-03;14:00:00;14:59:59
2320;22;2021-08-04;10:00:00;10:59:59
2321;22;2021-08-04;11:00:00;11:59:59
2322;22;2021-08-04;12:00:00;12:59:59
2323;22;2021-08-04;13:00:00;13:59:59
2324;22;2021-08-04;14:00:00;14:59:59
2325;22;2021-08-05;10:00:00;10:59:59
2326;22;2021-08-05;11:00:00;11:59:59
2327;22;2021-08-05;12:00:00;12:59:59
2328;22;2021-08-05;13:00:00;13:59:59
2329;22;2021-08-05;14:00:00;14:59:59
2330;22;2021-08-06;10:00:00;10:59:59
2331;22;2021-08-06;11:00:00;11:59:59
2332;22;2021-08-06;12:00:00;12:59:59
2333;22;2021-08-06;13:00:00;13:59:59
2334;22;2021-08-06;14:00:00;14:59:59
2335;22;2021-08-09;10:00:00;10:59:59
2336;22;2021-08-09;11:00:00;11:59:59
2337;22;2021-08-09;12:00:00;12:59:59
2338;22;2021-08-09;13:00:00;13:59:59
2339;22;2021-08-09;14:00:00;14:59:59
2340;22;2021-08-10;10:00:00;10:59:59
2341;22;2021-08-10;11:00:00;11:59:59
2342;22;2021-08-10;12:00:00;12:59:59
2343;22;2021-08-10;13:00:00;13:59:59
2344;22;2021-08-10;14:00:00;14:59:59
2345;22;2021-08-11;10:00:00;10:59:59
2346;22;2021-08-11;11:00:00;11:59:59
2347;22;2021-08-11;12:00:00;12:59:59
2348;22;2021-08-11;13:00:00;13:59:59
2349;22;2021-08-11;14:00:00;14:59:59
2350;22;2021-08-12;10:00:00;10:59:59
2351;22;2021-08-12;11:00:00;11:59:59
2352;22;2021-08-12;12:00:00;12:59:59
2353;22;2021-08-12;13:00:00;13:59:59
2354;22;2021-08-12;14:00:00;14:59:59
2355;22;2021-08-13;10:00:00;10:59:59
2356;22;2021-08-13;11:00:00;11:59:59
2357;22;2021-08-13;12:00:00;12:59:59
2358;22;2021-08-13;13:00:00;13:59:59
2359;22;2021-08-13;14:00:00;14:59:59
2360;22;2021-08-16;10:00:00;10:59:59
2361;22;2021-08-16;11:00:00;11:59:59
2362;22;2021-08-16;12:00:00;12:59:59
2363;22;2021-08-16;13:00:00;13:59:59
2364;22;2021-08-16;14:00:00;14:59:59
2365;22;2021-08-17;10:00:00;10:59:59
2366;22;2021-08-17;11:00:00;11:59:59
2367;22;2021-08-17;12:00:00;12:59:59
2368;22;2021-08-17;13:00:00;13:59:59
2369;22;2021-08-17;14:00:00;14:59:59
2370;22;2021-08-18;10:00:00;10:59:59
2371;22;2021-08-18;11:00:00;11:59:59
2372;22;2021-08-18;12:00:00;12:59:59
2373;22;2021-08-18;13:00:00;13:59:59
2374;22;2021-08-18;14:00:00;14:59:59
2375;22;2021-08-19;10:00:00;10:59:59
2376;22;2021-08-19;11:00:00;11:59:59
2377;22;2021-08-19;12:00:00;12:59:59
2378;22;2021-08-19;13:00:00;13:59:59
2379;22;2021-08-19;14:00:00;14:59:59
2380;22;2021-08-20;10:00:00;10:59:59
2381;22;2021-08-20;11:00:00;11:59:59
2382;22;2021-08-20;12:00:00;12:59:59
2383;22;2021-08-20;13:00:00;13:59:59
2384;22;2021-08-20;14:00:00;14:59:59
2385;22;2021-08-23;10:00:00;10:59:59
2386;22;2021-08-23;11:00:00;11:59:59
2387;22;2021-08-23;12:00:00;12:59:59
2388;22;2021-08-23;13:00:00;13:59:59
2389;22;2021-08-23;14:00:00;14:59:59
2390;22;2021-08-24;10:00:00;10:59:59
2391;22;2021-08-24;11:00:00;11:59:59
2392;22;2021-08-24;12:00:00;12:59:59
2393;22;2021-08-24;13:00:00;13:59:59
2394;22;2021-08-24;14:00:00;14:59:59
2395;22;2021-08-25;10:00:00;10:59:59
2396;22;2021-08-25;11:00:00;11:59:59
2397;22;2021-08-25;12:00:00;12:59:59
2398;22;2021-08-25;13:00:00;13:59:59
2399;22;2021-08-25;14:00:00;14:59:59
2400;22;2021-08-26;10:00:00;10:59:59
2401;22;2021-08-26;11:00:00;11:59:59
2402;22;2021-08-26;12:00:00;12:59:59
2403;22;2021-08-26;13:00:00;13:59:59
2404;22;2021-08-26;14:00:00;14:59:59
2405;22;2021-08-27;10:00:00;10:59:59
2406;22;2021-08-27;11:00:00;11:59:59
2407;22;2021-08-27;12:00:00;12:59:59
2408;22;2021-08-27;13:00:00;13:59:59
2409;22;2021-08-27;14:00:00;14:59:59
2410;22;2021-08-30;10:00:00;10:59:59
2411;22;2021-08-30;11:00:00;11:59:59
2412;22;2021-08-30;12:00:00;12:59:59
2413;22;2021-08-30;13:00:00;13:59:59
2414;22;2021-08-30;14:00:00;14:59:59
2415;22;2021-08-31;10:00:00;10:59:59
2416;22;2021-08-31;11:00:00;11:59:59
2417;22;2021-08-31;12:00:00;12:59:59
2418;22;2021-08-31;13:00:00;13:59:59
2419;22;2021-08-31;14:00:00;14:59:59
2420;23;2021-08-02;10:00:00;10:59:59
2421;23;2021-08-02;11:00:00;11:59:59
2422;23;2021-08-02;12:00:00;12:59:59
2423;23;2021-08-02;13:00:00;13:59:59
2424;23;2021-08-02;14:00:00;14:59:59
2425;23;2021-08-03;10:00:00;10:59:59
2426;23;2021-08-03;11:00:00;11:59:59
2427;23;2021-08-03;12:00:00;12:59:59
2428;23;2021-08-03;13:00:00;13:59:59
2429;23;2021-08-03;14:00:00;14:59:59
2430;23;2021-08-04;10:00:00;10:59:59
2431;23;2021-08-04;11:00:00;11:59:59
2432;23;2021-08-04;12:00:00;12:59:59
2433;23;2021-08-04;13:00:00;13:59:59
2434;23;2021-08-04;14:00:00;14:59:59
2435;23;2021-08-05;10:00:00;10:59:59
2436;23;2021-08-05;11:00:00;11:59:59
2437;23;2021-08-05;12:00:00;12:59:59
2438;23;2021-08-05;13:00:00;13:59:59
2439;23;2021-08-05;14:00:00;14:59:59
2440;23;2021-08-06;10:00:00;10:59:59
2441;23;2021-08-06;11:00:00;11:59:59
2442;23;2021-08-06;12:00:00;12:59:59
2443;23;2021-08-06;13:00:00;13:59:59
2444;23;2021-08-06;14:00:00;14:59:59
2445;23;2021-08-09;10:00:00;10:59:59
2446;23;2021-08-09;11:00:00;11:59:59
2447;23;2021-08-09;12:00:00;12:59:59
2448;23;2021-08-09;13:00:00;13:59:59
2449;23;2021-08-09;14:00:00;14:59:59
2450;23;2021-08-10;10:00:00;10:59:59
2451;23;2021-08-10;11:00:00;11:59:59
2452;23;2021-08-10;12:00:00;12:59:59
2453;23;2021-08-10;13:00:00;13:59:59
2454;23;2021-08-10;14:00:00;14:59:59
2455;23;2021-08-11;10:00:00;10:59:59
2456;23;2021-08-11;11:00:00;11:59:59
2457;23;2021-08-11;12:00:00;12:59:59
2458;23;2021-08-11;13:00:00;13:59:59
2459;23;2021-08-11;14:00:00;14:59:59
2460;23;2021-08-12;10:00:00;10:59:59
2461;23;2021-08-12;11:00:00;11:59:59
2462;23;2021-08-12;12:00:00;12:59:59
2463;23;2021-08-12;13:00:00;13:59:59
2464;23;2021-08-12;14:00:00;14:59:59
2465;23;2021-08-13;10:00:00;10:59:59
2466;23;2021-08-13;11:00:00;11:59:59
2467;23;2021-08-13;12:00:00;12:59:59
2468;23;2021-08-13;13:00:00;13:59:59
2469;23;2021-08-13;14:00:00;14:59:59
2470;23;2021-08-16;10:00:00;10:59:59
2471;23;2021-08-16;11:00:00;11:59:59
2472;23;2021-08-16;12:00:00;12:59:59
2473;23;2021-08-16;13:00:00;13:59:59
2474;23;2021-08-16;14:00:00;14:59:59
2475;23;2021-08-17;10:00:00;10:59:59
2476;23;2021-08-17;11:00:00;11:59:59
2477;23;2021-08-17;12:00:00;12:59:59
2478;23;2021-08-17;13:00:00;13:59:59
2479;23;2021-08-17;14:00:00;14:59:59
2480;23;2021-08-18;10:00:00;10:59:59
2481;23;2021-08-18;11:00:00;11:59:59
2482;23;2021-08-18;12:00:00;12:59:59
2483;23;2021-08-18;13:00:00;13:59:59
2484;23;2021-08-18;14:00:00;14:59:59
2485;23;2021-08-19;10:00:00;10:59:59
2486;23;2021-08-19;11:00:00;11:59:59
2487;23;2021-08-19;12:00:00;12:59:59
2488;23;2021-08-19;13:00:00;13:59:59
2489;23;2021-08-19;14:00:00;14:59:59
2490;23;2021-08-20;10:00:00;10:59:59
2491;23;2021-08-20;11:00:00;11:59:59
2492;23;2021-08-20;12:00:00;12:59:59
2493;23;2021-08-20;13:00:00;13:59:59
2494;23;2021-08-20;14:00:00;14:59:59
2495;23;2021-08-23;10:00:00;10:59:59
2496;23;2021-08-23;11:00:00;11:59:59
2497;23;2021-08-23;12:00:00;12:59:59
2498;23;2021-08-23;13:00:00;13:59:59
2499;23;2021-08-23;14:00:00;14:59:59
2500;23;2021-08-24;10:00:00;10:59:59
2501;23;2021-08-24;11:00:00;11:59:59
2502;23;2021-08-24;12:00:00;12:59:59
2503;23;2021-08-24;13:00:00;13:59:59
2504;23;2021-08-24;14:00:00;14:59:59
2505;23;2021-08-25;10:00:00;10:59:59
2506;23;2021-08-25;11:00:00;11:59:59
2507;23;2021-08-25;12:00:00;12:59:59
2508;23;2021-08-25;13:00:00;13:59:59
2509;23;2021-08-25;14:00:00;14:59:59
2510;23;2021-08-26;10:00:00;10:59:59
2511;23;2021-08-26;11:00:00;11:59:59
2512;23;2021-08-26;12:00:00;12:59:59
2513;23;2021-08-26;13:00:00;13:59:59
2514;23;2021-08-26;14:00:00;14:59:59
2515;23;2021-08-27;10:00:00;10:59:59
2516;23;2021-08-27;11:00:00;11:59:59
2517;23;2021-08-27;12:00:00;12:59:59
2518;23;2021-08-27;13:00:00;13:59:59
2519;23;2021-08-27;14:00:00;14:59:59
2520;23;2021-08-30;10:00:00;10:59:59
2521;23;2021-08-30;11:00:00;11:59:59
2522;23;2021-08-30;12:00:00;12:59:59
2523;23;2021-08-30;13:00:00;13:59:59
2524;23;2021-08-30;14:00:00;14:59:59
2525;23;2021-08-31;10:00:00;10:59:59
2526;23;2021-08-31;11:00:00;11:59:59
2527;23;2021-08-31;12:00:00;12:59:59
2528;23;2021-08-31;13:00:00;13:59:59
2529;23;2021-08-31;14:00:00;14:59:59
2530;24;2021-08-02;10:00:00;10:59:59
2531;24;2021-08-02;11:00:00;11:59:59
2532;24;2021-08-02;12:00:00;12:59:59
2533;24;2021-08-02;13:00:00;13:59:59
2534;24;2021-08-02;14:00:00;14:59:59
2535;24;2021-08-03;10:00:00;10:59:59
2536;24;2021-08-03;11:00:00;11:59:59
2537;24;2021-08-03;12:00:00;12:59:59
2538;24;2021-08-03;13:00:00;13:59:59
2539;24;2021-08-03;14:00:00;14:59:59
2540;24;2021-08-04;10:00:00;10:59:59
2541;24;2021-08-04;11:00:00;11:59:59
2542;24;2021-08-04;12:00:00;12:59:59
2543;24;2021-08-04;13:00:00;13:59:59
2544;24;2021-08-04;14:00:00;14:59:59
2545;24;2021-08-05;10:00:00;10:59:59
2546;24;2021-08-05;11:00:00;11:59:59
2547;24;2021-08-05;12:00:00;12:59:59
2548;24;2021-08-05;13:00:00;13:59:59
2549;24;2021-08-05;14:00:00;14:59:59
2550;24;2021-08-06;10:00:00;10:59:59
2551;24;2021-08-06;11:00:00;11:59:59
2552;24;2021-08-06;12:00:00;12:59:59
2553;24;2021-08-06;13:00:00;13:59:59
2554;24;2021-08-06;14:00:00;14:59:59
2555;24;2021-08-09;10:00:00;10:59:59
2556;24;2021-08-09;11:00:00;11:59:59
2557;24;2021-08-09;12:00:00;12:59:59
2558;24;2021-08-09;13:00:00;13:59:59
2559;24;2021-08-09;14:00:00;14:59:59
2560;24;2021-08-10;10:00:00;10:59:59
2561;24;2021-08-10;11:00:00;11:59:59
2562;24;2021-08-10;12:00:00;12:59:59
2563;24;2021-08-10;13:00:00;13:59:59
2564;24;2021-08-10;14:00:00;14:59:59
2565;24;2021-08-11;10:00:00;10:59:59
2566;24;2021-08-11;11:00:00;11:59:59
2567;24;2021-08-11;12:00:00;12:59:59
2568;24;2021-08-11;13:00:00;13:59:59
2569;24;2021-08-11;14:00:00;14:59:59
2570;24;2021-08-12;10:00:00;10:59:59
2571;24;2021-08-12;11:00:00;11:59:59
2572;24;2021-08-12;12:00:00;12:59:59
2573;24;2021-08-12;13:00:00;13:59:59
2574;24;2021-08-12;14:00:00;14:59:59
2575;24;2021-08-13;10:00:00;10:59:59
2576;24;2021-08-13;11:00:00;11:59:59
2577;24;2021-08-13;12:00:00;12:59:59
2578;24;2021-08-13;13:00:00;13:59:59
2579;24;2021-08-13;14:00:00;14:59:59
2580;24;2021-08-16;10:00:00;10:59:59
2581;24;2021-08-16;11:00:00;11:59:59
2582;24;2021-08-16;12:00:00;12:59:59
2583;24;2021-08-16;13:00:00;13:59:59
2584;24;2021-08-16;14:00:00;14:59:59
2585;24;2021-08-17;10:00:00;10:59:59
2586;24;2021-08-17;11:00:00;11:59:59
2587;24;2021-08-17;12:00:00;12:59:59
2588;24;2021-08-17;13:00:00;13:59:59
2589;24;2021-08-17;14:00:00;14:59:59
2590;24;2021-08-18;10:00:00;10:59:59
2591;24;2021-08-18;11:00:00;11:59:59
2592;24;2021-08-18;12:00:00;12:59:59
2593;24;2021-08-18;13:00:00;13:59:59
2594;24;2021-08-18;14:00:00;14:59:59
2595;24;2021-08-19;10:00:00;10:59:59
2596;24;2021-08-19;11:00:00;11:59:59
2597;24;2021-08-19;12:00:00;12:59:59
2598;24;2021-08-19;13:00:00;13:59:59
2599;24;2021-08-19;14:00:00;14:59:59
2600;24;2021-08-20;10:00:00;10:59:59
2601;24;2021-08-20;11:00:00;11:59:59
2602;24;2021-08-20;12:00:00;12:59:59
2603;24;2021-08-20;13:00:00;13:59:59
2604;24;2021-08-20;14:00:00;14:59:59
2605;24;2021-08-23;10:00:00;10:59:59
2606;24;2021-08-23;11:00:00;11:59:59
2607;24;2021-08-23;12:00:00;12:59:59
2608;24;2021-08-23;13:00:00;13:59:59
2609;24;2021-08-23;14:00:00;14:59:59
2610;24;2021-08-24;10:00:00;10:59:59
2611;24;2021-08-24;11:00:00;11:59:59
2612;24;2021-08-24;12:00:00;12:59:59
2613;24;2021-08-24;13:00:00;13:59:59
2614;24;2021-08-24;14:00:00;14:59:59
2615;24;2021-08-25;10:00:00;10:59:59
2616;24;2021-08-25;11:00:00;11:59:59
2617;24;2021-08-25;12:00:00;12:59:59
2618;24;2021-08-25;13:00:00;13:59:59
2619;24;2021-08-25;14:00:00;14:59:59
2620;24;2021-08-26;10:00:00;10:59:59
2621;24;2021-08-26;11:00:00;11:59:59
2622;24;2021-08-26;12:00:00;12:59:59
2623;24;2021-08-26;13:00:00;13:59:59
2624;24;2021-08-26;14:00:00;14:59:59
2625;24;2021-08-27;10:00:00;10:59:59
2626;24;2021-08-27;11:00:00;11:59:59
2627;24;2021-08-27;12:00:00;12:59:59
2628;24;2021-08-27;13:00:00;13:59:59
2629;24;2021-08-27;14:00:00;14:59:59
2630;24;2021-08-30;10:00:00;10:59:59
2631;24;2021-08-30;11:00:00;11:59:59
2632;24;2021-08-30;12:00:00;12:59:59
2633;24;2021-08-30;13:00:00;13:59:59
2634;24;2021-08-30;14:00:00;14:59:59
2635;24;2021-08-31;10:00:00;10:59:59
2636;24;2021-08-31;11:00:00;11:59:59
2637;24;2021-08-31;12:00:00;12:59:59
2638;24;2021-08-31;13:00:00;13:59:59
2639;24;2021-08-31;14:00:00;14:59:59
